"custcare_Mean","new_cell","area","Customer_ID","creditcd"
0,"U","DC-MARYLAND-VIRGINIA AREA",1045239,"Y"
0,"Y","DC-MARYLAND-VIRGINIA AREA",1016607,"Y"
0,"N","DC-MARYLAND-VIRGINIA AREA",1015068,"Y"
2.333333333,"U","DC-MARYLAND-VIRGINIA AREA",1076198,"Y"
0,"U","DC-MARYLAND-VIRGINIA AREA",1028649,"Y"
0,"Y","DC-MARYLAND-VIRGINIA AREA",1077754,"N"
7,"N","DC-MARYLAND-VIRGINIA AREA",1085015,"N"
4.333333333,"N","DC-MARYLAND-VIRGINIA AREA",1028674,"Y"
0,"Y","DC-MARYLAND-VIRGINIA AREA",1060840,"Y"
5,"Y","DC-MARYLAND-VIRGINIA AREA",1079795,"N"
0,"U","DC-MARYLAND-VIRGINIA AREA",1065210,"Y"
0,"U","DC-MARYLAND-VIRGINIA AREA",1094369,"N"
0,"U","DC-MARYLAND-VIRGINIA AREA",1079861,"N"
0,"U","DC-MARYLAND-VIRGINIA AREA",1074541,"Y"
0,"Y","DC-MARYLAND-VIRGINIA AREA",1007748,"Y"
0,"U","DC-MARYLAND-VIRGINIA AREA",1075065,"Y"
2.333333333,"U","DC-MARYLAND-VIRGINIA AREA",1054066,"Y"
5.333333333,"U","DC-MARYLAND-VIRGINIA AREA",1042885,"Y"
9.666666667,"U","DC-MARYLAND-VIRGINIA AREA",1088306,"Y"
14.33333333,"U","DC-MARYLAND-VIRGINIA AREA",1088241,"N"
10,"U","DC-MARYLAND-VIRGINIA AREA",1047699,"Y"
3.666666667,"U","DC-MARYLAND-VIRGINIA AREA",1096980,"Y"
0,"U","DC-MARYLAND-VIRGINIA AREA",1017671,"Y"
0,"N","DC-MARYLAND-VIRGINIA AREA",1017425,"Y"
0,"N","DC-MARYLAND-VIRGINIA AREA",1051380,"Y"
0,"Y","DC-MARYLAND-VIRGINIA AREA",1034511,"Y"
0,"U","DC-MARYLAND-VIRGINIA AREA",1089748,"Y"
7.666666667,"U","DC-MARYLAND-VIRGINIA AREA",1086436,"N"
0,"U","DC-MARYLAND-VIRGINIA AREA",1030822,"Y"
14,"U","DC-MARYLAND-VIRGINIA AREA",1074795,"Y"
0,"U","DC-MARYLAND-VIRGINIA AREA",1045676,"Y"
0.333333333,"U","DC-MARYLAND-VIRGINIA AREA",1020796,"Y"
2.333333333,"U","DC-MARYLAND-VIRGINIA AREA",1030346,"Y"
0,"U","DC-MARYLAND-VIRGINIA AREA",1064472,"N"
4.666666667,"U","DC-MARYLAND-VIRGINIA AREA",1050240,"Y"
0.333333333,"U","DC-MARYLAND-VIRGINIA AREA",1055472,"N"
2.666666667,"U","DC-MARYLAND-VIRGINIA AREA",1038579,"Y"
0,"Y","DC-MARYLAND-VIRGINIA AREA",1061215,"N"
13,"Y","DC-MARYLAND-VIRGINIA AREA",1002837,"Y"
0.666666667,"U","DC-MARYLAND-VIRGINIA AREA",1086805,"N"
0,"U","DC-MARYLAND-VIRGINIA AREA",1019547,"Y"
2.333333333,"U","DC-MARYLAND-VIRGINIA AREA",1020287,"Y"
3.666666667,"Y","DC-MARYLAND-VIRGINIA AREA",1084093,"N"
0.333333333,"N","DC-MARYLAND-VIRGINIA AREA",1024492,"N"
0,"Y","DC-MARYLAND-VIRGINIA AREA",1044211,"Y"
2.333333333,"U","DC-MARYLAND-VIRGINIA AREA",1039785,"Y"
0,"Y","DC-MARYLAND-VIRGINIA AREA",1085213,"N"
0,"U","DC-MARYLAND-VIRGINIA AREA",1027292,""
0.666666667,"U","DC-MARYLAND-VIRGINIA AREA",1031353,"Y"
0,"U","DC-MARYLAND-VIRGINIA AREA",1044297,"Y"
1.333333333,"U","DC-MARYLAND-VIRGINIA AREA",1024369,""
1,"U","DC-MARYLAND-VIRGINIA AREA",1012528,"Y"
0,"Y","DC-MARYLAND-VIRGINIA AREA",1021351,"Y"
0.333333333,"U","DC-MARYLAND-VIRGINIA AREA",1011167,"Y"
0,"U","DC-MARYLAND-VIRGINIA AREA",1093702,"N"
0,"U","DC-MARYLAND-VIRGINIA AREA",1068387,"N"
0,"Y","DC-MARYLAND-VIRGINIA AREA",1055931,"Y"
1.333333333,"Y","DC-MARYLAND-VIRGINIA AREA",1045731,"N"
1.333333333,"U","DC-MARYLAND-VIRGINIA AREA",1035807,"N"
0,"Y","DC-MARYLAND-VIRGINIA AREA",1067238,"N"
2,"U","DC-MARYLAND-VIRGINIA AREA",1087588,"N"
1.666666667,"Y","DC-MARYLAND-VIRGINIA AREA",1013197,"N"
0,"N","DC-MARYLAND-VIRGINIA AREA",1036875,"Y"
0.333333333,"Y","DC-MARYLAND-VIRGINIA AREA",1045166,"N"
0,"U","DC-MARYLAND-VIRGINIA AREA",1057265,"Y"
0,"U","DC-MARYLAND-VIRGINIA AREA",1047837,"Y"
0.666666667,"U","DC-MARYLAND-VIRGINIA AREA",1053573,"Y"
0.666666667,"U","DC-MARYLAND-VIRGINIA AREA",1023336,"N"
3,"N","DC-MARYLAND-VIRGINIA AREA",1019094,"Y"
0,"U","DC-MARYLAND-VIRGINIA AREA",1072533,"Y"
0,"U","DC-MARYLAND-VIRGINIA AREA",1033361,"Y"
2.666666667,"U","DC-MARYLAND-VIRGINIA AREA",1016646,"N"
0,"U","DC-MARYLAND-VIRGINIA AREA",1073181,"Y"
62.66666667,"U","DC-MARYLAND-VIRGINIA AREA",1077782,"Y"
0,"Y","DC-MARYLAND-VIRGINIA AREA",1088621,"Y"
0,"Y","DC-MARYLAND-VIRGINIA AREA",1022311,"N"
6,"Y","DC-MARYLAND-VIRGINIA AREA",1087481,"N"
4.333333333,"U","DC-MARYLAND-VIRGINIA AREA",1031008,"N"
0.333333333,"N","DC-MARYLAND-VIRGINIA AREA",1035496,"N"
0.333333333,"U","DC-MARYLAND-VIRGINIA AREA",1039787,"N"
0,"U","DC-MARYLAND-VIRGINIA AREA",1086781,"Y"
1.333333333,"U","DC-MARYLAND-VIRGINIA AREA",1025555,"Y"
13,"U","DC-MARYLAND-VIRGINIA AREA",1024240,"N"
0,"Y","DC-MARYLAND-VIRGINIA AREA",1047489,"Y"
0,"N","DC-MARYLAND-VIRGINIA AREA",1050862,"N"
0,"Y","DC-MARYLAND-VIRGINIA AREA",1044882,"Y"
1,"U","DC-MARYLAND-VIRGINIA AREA",1092989,"Y"
0,"U","DC-MARYLAND-VIRGINIA AREA",1060710,"Y"
0,"Y","DC-MARYLAND-VIRGINIA AREA",1026498,"Y"
2.666666667,"U","DC-MARYLAND-VIRGINIA AREA",1021456,"N"
0,"U","DC-MARYLAND-VIRGINIA AREA",1071872,"Y"
0,"U","DC-MARYLAND-VIRGINIA AREA",1037379,"Y"
0,"U","DC-MARYLAND-VIRGINIA AREA",1015029,"Y"
0,"U","DC-MARYLAND-VIRGINIA AREA",1057706,"N"
14.33333333,"U","DC-MARYLAND-VIRGINIA AREA",1058484,"Y"
0,"N","DC-MARYLAND-VIRGINIA AREA",1067120,"Y"
1.666666667,"N","DC-MARYLAND-VIRGINIA AREA",1090340,"N"
0.666666667,"Y","DC-MARYLAND-VIRGINIA AREA",1002203,"Y"
2.333333333,"U","DC-MARYLAND-VIRGINIA AREA",1082828,"Y"
1.666666667,"N","DC-MARYLAND-VIRGINIA AREA",1012002,"N"
0,"U","DC-MARYLAND-VIRGINIA AREA",1056200,"Y"
4.333333333,"U","DC-MARYLAND-VIRGINIA AREA",1057271,"Y"
0.666666667,"U","DC-MARYLAND-VIRGINIA AREA",1024516,""
0.666666667,"Y","DC-MARYLAND-VIRGINIA AREA",1050906,"Y"
0.666666667,"U","DC-MARYLAND-VIRGINIA AREA",1024511,"N"
0,"U","DC-MARYLAND-VIRGINIA AREA",1063874,"N"
0,"Y","DC-MARYLAND-VIRGINIA AREA",1059492,"N"
0,"Y","DC-MARYLAND-VIRGINIA AREA",1065111,"Y"
4,"U","DC-MARYLAND-VIRGINIA AREA",1078717,"Y"
0,"Y","DC-MARYLAND-VIRGINIA AREA",1016049,"Y"
18.33333333,"U","DC-MARYLAND-VIRGINIA AREA",1086661,"N"
0,"U","DC-MARYLAND-VIRGINIA AREA",1094355,"Y"
0.333333333,"U","DC-MARYLAND-VIRGINIA AREA",1045904,"Y"
0,"U","DC-MARYLAND-VIRGINIA AREA",1023051,"Y"
0.333333333,"U","DC-MARYLAND-VIRGINIA AREA",1059542,"Y"
0,"U","DC-MARYLAND-VIRGINIA AREA",1066176,"Y"
2,"U","DC-MARYLAND-VIRGINIA AREA",1050598,"Y"
1.666666667,"U","DC-MARYLAND-VIRGINIA AREA",1079852,"Y"
0,"U","DC-MARYLAND-VIRGINIA AREA",1053588,"N"
0.333333333,"U","DC-MARYLAND-VIRGINIA AREA",1089996,"Y"
0,"N","DC-MARYLAND-VIRGINIA AREA",1026036,"N"
0.333333333,"N","DC-MARYLAND-VIRGINIA AREA",1051487,"N"
2.666666667,"U","DC-MARYLAND-VIRGINIA AREA",1056475,"Y"
1.666666667,"U","DC-MARYLAND-VIRGINIA AREA",1025076,"Y"
0,"Y","DC-MARYLAND-VIRGINIA AREA",1038824,"N"
0,"U","DC-MARYLAND-VIRGINIA AREA",1020831,"Y"
0,"N","DC-MARYLAND-VIRGINIA AREA",1074563,"Y"
0,"U","DC-MARYLAND-VIRGINIA AREA",1038517,"N"
0,"U","DC-MARYLAND-VIRGINIA AREA",1064303,"Y"
0,"U","DC-MARYLAND-VIRGINIA AREA",1044630,"N"
4.666666667,"U","DC-MARYLAND-VIRGINIA AREA",1077392,"Y"
1,"U","DC-MARYLAND-VIRGINIA AREA",1081735,"Y"
2,"U","DC-MARYLAND-VIRGINIA AREA",1031994,"Y"
0,"U","DC-MARYLAND-VIRGINIA AREA",1072313,"N"
0,"U","DC-MARYLAND-VIRGINIA AREA",1096005,"Y"
0,"U","DC-MARYLAND-VIRGINIA AREA",1026641,"Y"
0,"U","DC-MARYLAND-VIRGINIA AREA",1078528,"Y"
0.666666667,"U","DC-MARYLAND-VIRGINIA AREA",1050704,"N"
0,"U","DC-MARYLAND-VIRGINIA AREA",1022794,"Y"
2.333333333,"Y","DC-MARYLAND-VIRGINIA AREA",1049190,"N"
1.333333333,"Y","DC-MARYLAND-VIRGINIA AREA",1057235,"N"
0,"N","DC-MARYLAND-VIRGINIA AREA",1025935,"Y"
0,"Y","DC-MARYLAND-VIRGINIA AREA",1070062,"Y"
3,"U","DC-MARYLAND-VIRGINIA AREA",1037947,"Y"
0,"U","DC-MARYLAND-VIRGINIA AREA",1070317,"Y"
3.666666667,"Y","DC-MARYLAND-VIRGINIA AREA",1016493,"Y"
0,"U","DC-MARYLAND-VIRGINIA AREA",1030379,"Y"
6.666666667,"U","DC-MARYLAND-VIRGINIA AREA",1065807,"Y"
0,"U","DC-MARYLAND-VIRGINIA AREA",1004977,"Y"
2.666666667,"N","DC-MARYLAND-VIRGINIA AREA",1049346,"Y"
1.333333333,"Y","DC-MARYLAND-VIRGINIA AREA",1039036,"N"
2.333333333,"N","DC-MARYLAND-VIRGINIA AREA",1049056,"N"
3.333333333,"U","DC-MARYLAND-VIRGINIA AREA",1084795,"N"
0,"U","DC-MARYLAND-VIRGINIA AREA",1096433,"Y"
0,"U","DC-MARYLAND-VIRGINIA AREA",1035336,"Y"
0.666666667,"Y","DC-MARYLAND-VIRGINIA AREA",1004033,"Y"
0,"Y","DC-MARYLAND-VIRGINIA AREA",1043105,"Y"
0,"N","DC-MARYLAND-VIRGINIA AREA",1024879,"Y"
21.33333333,"U","DC-MARYLAND-VIRGINIA AREA",1089167,"N"
0,"Y","DC-MARYLAND-VIRGINIA AREA",1039031,"Y"
0,"N","DC-MARYLAND-VIRGINIA AREA",1017359,"Y"
0.333333333,"U","DC-MARYLAND-VIRGINIA AREA",1019065,"Y"
0,"U","DC-MARYLAND-VIRGINIA AREA",1081648,"N"
0,"Y","DC-MARYLAND-VIRGINIA AREA",1024910,"Y"
4.333333333,"Y","DC-MARYLAND-VIRGINIA AREA",1093356,"N"
0,"U","DC-MARYLAND-VIRGINIA AREA",1096455,"Y"
0,"U","DC-MARYLAND-VIRGINIA AREA",1029366,"Y"
0,"N","DC-MARYLAND-VIRGINIA AREA",1096945,"N"
0,"U","DC-MARYLAND-VIRGINIA AREA",1054317,"N"
3.666666667,"U","DC-MARYLAND-VIRGINIA AREA",1088041,""
0,"Y","DC-MARYLAND-VIRGINIA AREA",1063740,""
0,"U","DC-MARYLAND-VIRGINIA AREA",1024559,"N"
8.333333333,"U","DC-MARYLAND-VIRGINIA AREA",1088779,"N"
0.666666667,"U","DC-MARYLAND-VIRGINIA AREA",1027769,"N"
0.333333333,"N","DC-MARYLAND-VIRGINIA AREA",1067893,"Y"
0.333333333,"U","DC-MARYLAND-VIRGINIA AREA",1076471,"Y"
0,"Y","DC-MARYLAND-VIRGINIA AREA",1060123,"Y"
0,"U","DC-MARYLAND-VIRGINIA AREA",1070174,"Y"
0,"U","DC-MARYLAND-VIRGINIA AREA",1051497,"Y"
0,"Y","DC-MARYLAND-VIRGINIA AREA",1025657,"Y"
0,"U","DC-MARYLAND-VIRGINIA AREA",1015174,"Y"
0,"U","DC-MARYLAND-VIRGINIA AREA",1067700,"Y"
0,"U","DC-MARYLAND-VIRGINIA AREA",1020805,"N"
0,"U","DC-MARYLAND-VIRGINIA AREA",1023692,"Y"
0,"U","DC-MARYLAND-VIRGINIA AREA",1046779,"N"
0.333333333,"Y","DC-MARYLAND-VIRGINIA AREA",1085325,"N"
0,"U","DC-MARYLAND-VIRGINIA AREA",1024534,"Y"
0,"U","DC-MARYLAND-VIRGINIA AREA",1074043,"N"
4.666666667,"U","DC-MARYLAND-VIRGINIA AREA",1053562,"N"
0.666666667,"U","DC-MARYLAND-VIRGINIA AREA",1058673,"Y"
0.333333333,"U","DC-MARYLAND-VIRGINIA AREA",1092106,"Y"
0.333333333,"Y","DC-MARYLAND-VIRGINIA AREA",1010673,"Y"
0,"U","DC-MARYLAND-VIRGINIA AREA",1026122,"N"
0,"Y","DC-MARYLAND-VIRGINIA AREA",1020779,"Y"
4.333333333,"U","DC-MARYLAND-VIRGINIA AREA",1091922,"Y"
3,"U","DC-MARYLAND-VIRGINIA AREA",1038896,"Y"
15.33333333,"U","DC-MARYLAND-VIRGINIA AREA",1085202,"Y"
0,"U","DC-MARYLAND-VIRGINIA AREA",1018183,""
2.333333333,"U","DC-MARYLAND-VIRGINIA AREA",1026395,"N"
0,"U","DC-MARYLAND-VIRGINIA AREA",1096322,"Y"
0,"U","DC-MARYLAND-VIRGINIA AREA",1069068,""
0.666666667,"N","DC-MARYLAND-VIRGINIA AREA",1015721,"N"
0,"U","DC-MARYLAND-VIRGINIA AREA",1064302,"Y"
3,"U","DC-MARYLAND-VIRGINIA AREA",1029111,"N"
2,"U","DC-MARYLAND-VIRGINIA AREA",1093208,"Y"
0.333333333,"U","DC-MARYLAND-VIRGINIA AREA",1094314,"N"
5,"U","DC-MARYLAND-VIRGINIA AREA",1095461,"Y"
16.33333333,"N","DC-MARYLAND-VIRGINIA AREA",1091239,"Y"
0,"U","DC-MARYLAND-VIRGINIA AREA",1077341,"Y"
0,"U","DC-MARYLAND-VIRGINIA AREA",1074192,"Y"
0.666666667,"U","DC-MARYLAND-VIRGINIA AREA",1051933,""
5.666666667,"U","DC-MARYLAND-VIRGINIA AREA",1092362,"Y"
4.666666667,"U","DC-MARYLAND-VIRGINIA AREA",1020217,"N"
0.333333333,"U","DC-MARYLAND-VIRGINIA AREA",1058318,"N"
0,"Y","DC-MARYLAND-VIRGINIA AREA",1003690,"Y"
0,"U","DC-MARYLAND-VIRGINIA AREA",1039433,"Y"
1.333333333,"U","DC-MARYLAND-VIRGINIA AREA",1053285,"Y"
0,"U","DC-MARYLAND-VIRGINIA AREA",1036628,"Y"
4.333333333,"U","DC-MARYLAND-VIRGINIA AREA",1094698,"N"
0,"U","DC-MARYLAND-VIRGINIA AREA",1035593,"Y"
8.666666667,"U","DC-MARYLAND-VIRGINIA AREA",1080592,"Y"
0,"U","DC-MARYLAND-VIRGINIA AREA",1074198,"Y"
0,"N","DC-MARYLAND-VIRGINIA AREA",1021398,"N"
0,"U","DC-MARYLAND-VIRGINIA AREA",1082166,"Y"
0,"N","DC-MARYLAND-VIRGINIA AREA",1016643,"N"
0,"U","DC-MARYLAND-VIRGINIA AREA",1021384,"Y"
0,"U","DC-MARYLAND-VIRGINIA AREA",1048803,"Y"
0,"Y","DC-MARYLAND-VIRGINIA AREA",1039159,"N"
2.333333333,"Y","DC-MARYLAND-VIRGINIA AREA",1092000,"N"
0.333333333,"U","DC-MARYLAND-VIRGINIA AREA",1017946,""
0,"U","DC-MARYLAND-VIRGINIA AREA",1014138,"Y"
0,"U","DC-MARYLAND-VIRGINIA AREA",1074538,"Y"
3.666666667,"U","DC-MARYLAND-VIRGINIA AREA",1039314,"N"
0,"N","DC-MARYLAND-VIRGINIA AREA",1025054,"N"
2.333333333,"U","DC-MARYLAND-VIRGINIA AREA",1024985,"N"
0,"U","DC-MARYLAND-VIRGINIA AREA",1085528,"Y"
0,"Y","DC-MARYLAND-VIRGINIA AREA",1027448,"Y"
1.666666667,"U","DC-MARYLAND-VIRGINIA AREA",1044774,"Y"
0,"N","DC-MARYLAND-VIRGINIA AREA",1060545,"N"
0,"N","DC-MARYLAND-VIRGINIA AREA",1022190,"Y"
0,"Y","DC-MARYLAND-VIRGINIA AREA",1011630,"Y"
0,"U","DC-MARYLAND-VIRGINIA AREA",1090163,"N"
0,"U","DC-MARYLAND-VIRGINIA AREA",1096472,"Y"
0,"U","DC-MARYLAND-VIRGINIA AREA",1046997,"N"
0,"U","DC-MARYLAND-VIRGINIA AREA",1023477,"Y"
4.333333333,"U","DC-MARYLAND-VIRGINIA AREA",1031945,"N"
1.333333333,"U","DC-MARYLAND-VIRGINIA AREA",1075892,"Y"
13.33333333,"Y","DC-MARYLAND-VIRGINIA AREA",1096947,"N"
1.666666667,"N","DC-MARYLAND-VIRGINIA AREA",1070375,"Y"
0.333333333,"U","DC-MARYLAND-VIRGINIA AREA",1085461,"Y"
0,"Y","DC-MARYLAND-VIRGINIA AREA",1007406,"Y"
0.666666667,"N","DC-MARYLAND-VIRGINIA AREA",1043163,"Y"
19.33333333,"U","DC-MARYLAND-VIRGINIA AREA",1094104,"N"
0.333333333,"U","DC-MARYLAND-VIRGINIA AREA",1093220,"Y"
1.333333333,"U","DC-MARYLAND-VIRGINIA AREA",1021413,"N"
8.666666667,"U","DC-MARYLAND-VIRGINIA AREA",1060265,"N"
3,"U","DC-MARYLAND-VIRGINIA AREA",1049277,"Y"
0,"U","DC-MARYLAND-VIRGINIA AREA",1022733,""
0,"U","DC-MARYLAND-VIRGINIA AREA",1053141,"Y"
0.333333333,"Y","DC-MARYLAND-VIRGINIA AREA",1004086,"Y"
0,"U","DC-MARYLAND-VIRGINIA AREA",1088683,"Y"
20.66666667,"U","DC-MARYLAND-VIRGINIA AREA",1085394,"N"
0,"U","DC-MARYLAND-VIRGINIA AREA",1025029,"Y"
0,"N","DC-MARYLAND-VIRGINIA AREA",1020927,"Y"
0,"U","DC-MARYLAND-VIRGINIA AREA",1036680,"N"
0,"Y","DC-MARYLAND-VIRGINIA AREA",1068989,"N"
0,"U","DC-MARYLAND-VIRGINIA AREA",1023762,"Y"
6,"U","DC-MARYLAND-VIRGINIA AREA",1084130,"Y"
0,"U","DC-MARYLAND-VIRGINIA AREA",1056431,"N"
0.333333333,"N","DC-MARYLAND-VIRGINIA AREA",1017036,"N"
1.333333333,"N","DC-MARYLAND-VIRGINIA AREA",1086755,"Y"
0,"U","DC-MARYLAND-VIRGINIA AREA",1028521,"Y"
1.333333333,"U","DC-MARYLAND-VIRGINIA AREA",1012359,"Y"
0,"U","DC-MARYLAND-VIRGINIA AREA",1096217,"Y"
0.666666667,"Y","DC-MARYLAND-VIRGINIA AREA",1063683,"N"
11,"N","DC-MARYLAND-VIRGINIA AREA",1086833,"N"
0,"N","DC-MARYLAND-VIRGINIA AREA",1021930,"Y"
0,"N","DC-MARYLAND-VIRGINIA AREA",1008921,"Y"
0,"U","DC-MARYLAND-VIRGINIA AREA",1003865,"Y"
1,"Y","DC-MARYLAND-VIRGINIA AREA",1052079,"Y"
0,"N","DC-MARYLAND-VIRGINIA AREA",1058360,"N"
3.333333333,"U","DC-MARYLAND-VIRGINIA AREA",1074976,"N"
1.333333333,"U","DC-MARYLAND-VIRGINIA AREA",1068555,"Y"
0.333333333,"U","DC-MARYLAND-VIRGINIA AREA",1081336,"N"
3,"N","DC-MARYLAND-VIRGINIA AREA",1022108,"N"
0,"Y","DC-MARYLAND-VIRGINIA AREA",1017663,"Y"
0,"Y","DC-MARYLAND-VIRGINIA AREA",1027897,"Y"
1.333333333,"U","DC-MARYLAND-VIRGINIA AREA",1094407,"Y"
0,"U","DC-MARYLAND-VIRGINIA AREA",1081065,"Y"
0,"U","DC-MARYLAND-VIRGINIA AREA",1064315,"Y"
0,"U","DC-MARYLAND-VIRGINIA AREA",1046498,"Y"
0,"U","DC-MARYLAND-VIRGINIA AREA",1023431,"N"
0,"U","DC-MARYLAND-VIRGINIA AREA",1094399,"N"
10,"U","DC-MARYLAND-VIRGINIA AREA",1048613,"N"
0,"U","DC-MARYLAND-VIRGINIA AREA",1039152,"Y"
3.666666667,"U","DC-MARYLAND-VIRGINIA AREA",1024120,"Y"
0,"U","DC-MARYLAND-VIRGINIA AREA",1050890,"Y"
0,"U","DC-MARYLAND-VIRGINIA AREA",1093533,"Y"
0,"Y","DC-MARYLAND-VIRGINIA AREA",1050416,"Y"
1.666666667,"U","DC-MARYLAND-VIRGINIA AREA",1024802,"N"
0.333333333,"U","DC-MARYLAND-VIRGINIA AREA",1024402,"Y"
0,"U","DC-MARYLAND-VIRGINIA AREA",1077303,"Y"
12.33333333,"U","DC-MARYLAND-VIRGINIA AREA",1019731,"N"
3.666666667,"U","DC-MARYLAND-VIRGINIA AREA",1094185,"N"
0,"N","DC-MARYLAND-VIRGINIA AREA",1051429,"Y"
0,"U","DC-MARYLAND-VIRGINIA AREA",1037598,"N"
0,"U","DC-MARYLAND-VIRGINIA AREA",1018976,"Y"
0.333333333,"N","DC-MARYLAND-VIRGINIA AREA",1013616,"Y"
0,"U","DC-MARYLAND-VIRGINIA AREA",1075535,"Y"
5,"N","DC-MARYLAND-VIRGINIA AREA",1046041,"Y"
5.333333333,"U","DC-MARYLAND-VIRGINIA AREA",1053335,"Y"
0,"U","DC-MARYLAND-VIRGINIA AREA",1027295,"Y"
0.666666667,"U","DC-MARYLAND-VIRGINIA AREA",1093736,"N"
0,"U","DC-MARYLAND-VIRGINIA AREA",1046534,"Y"
0,"U","DC-MARYLAND-VIRGINIA AREA",1079768,"Y"
10.66666667,"U","DC-MARYLAND-VIRGINIA AREA",1070476,"N"
0,"Y","DC-MARYLAND-VIRGINIA AREA",1092468,"Y"
0,"Y","DC-MARYLAND-VIRGINIA AREA",1032164,"Y"
0,"N","DC-MARYLAND-VIRGINIA AREA",1056443,"Y"
3.666666667,"U","DC-MARYLAND-VIRGINIA AREA",1004604,"Y"
0,"U","DC-MARYLAND-VIRGINIA AREA",1042586,"Y"
0,"Y","DC-MARYLAND-VIRGINIA AREA",1052461,"Y"
0,"U","DC-MARYLAND-VIRGINIA AREA",1090906,"N"
0,"N","DC-MARYLAND-VIRGINIA AREA",1023704,"Y"
0.333333333,"U","DC-MARYLAND-VIRGINIA AREA",1089312,"N"
1.666666667,"U","DC-MARYLAND-VIRGINIA AREA",1054386,"Y"
0,"U","DC-MARYLAND-VIRGINIA AREA",1091322,"Y"
1.333333333,"U","DC-MARYLAND-VIRGINIA AREA",1086165,"Y"
0,"U","DC-MARYLAND-VIRGINIA AREA",1056467,"Y"
0,"N","DC-MARYLAND-VIRGINIA AREA",1015776,""
0,"U","DC-MARYLAND-VIRGINIA AREA",1050006,"N"
0,"U","DC-MARYLAND-VIRGINIA AREA",1021526,"Y"
0,"N","DC-MARYLAND-VIRGINIA AREA",1039570,"Y"
0.666666667,"N","DC-MARYLAND-VIRGINIA AREA",1046913,"Y"
1.333333333,"U","DC-MARYLAND-VIRGINIA AREA",1029061,"Y"
0,"U","DC-MARYLAND-VIRGINIA AREA",1017340,"Y"
7.333333333,"U","DC-MARYLAND-VIRGINIA AREA",1063902,"Y"
8.333333333,"U","DC-MARYLAND-VIRGINIA AREA",1094358,"N"
0,"U","DC-MARYLAND-VIRGINIA AREA",1024335,"Y"
4.666666667,"U","DC-MARYLAND-VIRGINIA AREA",1073702,"N"
1.666666667,"U","DC-MARYLAND-VIRGINIA AREA",1038858,"N"
0,"N","DC-MARYLAND-VIRGINIA AREA",1096445,"N"
0,"U","DC-MARYLAND-VIRGINIA AREA",1078006,"N"
0,"U","DC-MARYLAND-VIRGINIA AREA",1091309,"Y"
0,"U","DC-MARYLAND-VIRGINIA AREA",1014860,"Y"
1.666666667,"U","DC-MARYLAND-VIRGINIA AREA",1090559,"Y"
0,"N","DC-MARYLAND-VIRGINIA AREA",1012269,"Y"
0,"U","DC-MARYLAND-VIRGINIA AREA",1093677,"Y"
0.333333333,"U","DC-MARYLAND-VIRGINIA AREA",1074863,"Y"
11,"U","DC-MARYLAND-VIRGINIA AREA",1089769,"N"
0,"U","DC-MARYLAND-VIRGINIA AREA",1026024,"Y"
0,"N","DC-MARYLAND-VIRGINIA AREA",1004486,"Y"
0,"Y","DC-MARYLAND-VIRGINIA AREA",1076158,"Y"
0,"U","DC-MARYLAND-VIRGINIA AREA",1096215,"Y"
0,"U","DC-MARYLAND-VIRGINIA AREA",1090537,"Y"
0,"U","DC-MARYLAND-VIRGINIA AREA",1060523,"Y"
0,"U","DC-MARYLAND-VIRGINIA AREA",1078463,"Y"
2.666666667,"U","DC-MARYLAND-VIRGINIA AREA",1054030,"Y"
17.33333333,"U","DC-MARYLAND-VIRGINIA AREA",1032787,"N"
0,"U","DC-MARYLAND-VIRGINIA AREA",1030092,"Y"
0,"Y","DC-MARYLAND-VIRGINIA AREA",1062988,"N"
0,"Y","DC-MARYLAND-VIRGINIA AREA",1086526,"N"
3.333333333,"U","DC-MARYLAND-VIRGINIA AREA",1022630,"Y"
0.666666667,"U","DC-MARYLAND-VIRGINIA AREA",1009397,"Y"
13.33333333,"U","DC-MARYLAND-VIRGINIA AREA",1092822,"N"
2,"U","DC-MARYLAND-VIRGINIA AREA",1096328,"Y"
0,"Y","DC-MARYLAND-VIRGINIA AREA",1048359,"Y"
12,"Y","DC-MARYLAND-VIRGINIA AREA",1031653,"Y"
0,"Y","DC-MARYLAND-VIRGINIA AREA",1036032,"Y"
0,"N","DC-MARYLAND-VIRGINIA AREA",1011294,"Y"
4,"U","DC-MARYLAND-VIRGINIA AREA",1094804,"N"
0,"N","DC-MARYLAND-VIRGINIA AREA",1024449,"Y"
9,"U","DC-MARYLAND-VIRGINIA AREA",1071782,"Y"
0,"U","DC-MARYLAND-VIRGINIA AREA",1083987,"Y"
0,"U","DC-MARYLAND-VIRGINIA AREA",1047537,"Y"
0,"N","DC-MARYLAND-VIRGINIA AREA",1053070,"Y"
4,"U","DC-MARYLAND-VIRGINIA AREA",1092595,"Y"
1.333333333,"U","DC-MARYLAND-VIRGINIA AREA",1036979,"Y"
0,"U","DC-MARYLAND-VIRGINIA AREA",1025303,"N"
0,"Y","DC-MARYLAND-VIRGINIA AREA",1072892,"Y"
0,"U","DC-MARYLAND-VIRGINIA AREA",1038122,"Y"
0,"U","DC-MARYLAND-VIRGINIA AREA",1035455,"Y"
0,"Y","DC-MARYLAND-VIRGINIA AREA",1025173,"Y"
0,"U","DC-MARYLAND-VIRGINIA AREA",1043278,"Y"
0,"U","DC-MARYLAND-VIRGINIA AREA",1022063,"N"
1.333333333,"N","DC-MARYLAND-VIRGINIA AREA",1003777,"Y"
0,"U","DC-MARYLAND-VIRGINIA AREA",1047530,"Y"
1,"Y","DC-MARYLAND-VIRGINIA AREA",1095321,"Y"
0,"Y","DC-MARYLAND-VIRGINIA AREA",1092954,"N"
0,"U","DC-MARYLAND-VIRGINIA AREA",1019745,"Y"
11.66666667,"U","DC-MARYLAND-VIRGINIA AREA",1092962,"N"
0,"U","DC-MARYLAND-VIRGINIA AREA",1092029,"Y"
0,"U","DC-MARYLAND-VIRGINIA AREA",1085403,"Y"
12.33333333,"U","DC-MARYLAND-VIRGINIA AREA",1069179,"Y"
0,"U","DC-MARYLAND-VIRGINIA AREA",1082831,"N"
0,"U","DC-MARYLAND-VIRGINIA AREA",1011049,"N"
0,"U","DC-MARYLAND-VIRGINIA AREA",1028320,"Y"
8.666666667,"U","DC-MARYLAND-VIRGINIA AREA",1056387,"Y"
0,"U","DC-MARYLAND-VIRGINIA AREA",1059783,"Y"
1,"U","DC-MARYLAND-VIRGINIA AREA",1050221,"Y"
0,"Y","DC-MARYLAND-VIRGINIA AREA",1033176,"N"
0,"U","DC-MARYLAND-VIRGINIA AREA",1082317,""
0,"U","DC-MARYLAND-VIRGINIA AREA",1057043,"Y"
0,"U","DC-MARYLAND-VIRGINIA AREA",1087998,"N"
2.666666667,"U","DC-MARYLAND-VIRGINIA AREA",1090588,"N"
14.66666667,"Y","DC-MARYLAND-VIRGINIA AREA",1069269,"Y"
0,"U","DC-MARYLAND-VIRGINIA AREA",1074466,"Y"
0.333333333,"Y","DC-MARYLAND-VIRGINIA AREA",1085679,"Y"
0.333333333,"Y","DC-MARYLAND-VIRGINIA AREA",1040103,"Y"
1,"U","DC-MARYLAND-VIRGINIA AREA",1046747,"Y"
0.666666667,"U","DC-MARYLAND-VIRGINIA AREA",1046398,"Y"
0.333333333,"U","DC-MARYLAND-VIRGINIA AREA",1025245,"Y"
0,"U","DC-MARYLAND-VIRGINIA AREA",1025065,"Y"
0,"U","DC-MARYLAND-VIRGINIA AREA",1077717,"N"
0,"U","DC-MARYLAND-VIRGINIA AREA",1009402,"Y"
12.66666667,"U","DC-MARYLAND-VIRGINIA AREA",1029004,"Y"
11.33333333,"U","DC-MARYLAND-VIRGINIA AREA",1069630,"Y"
0,"U","DC-MARYLAND-VIRGINIA AREA",1058861,"N"
16,"U","DC-MARYLAND-VIRGINIA AREA",1030676,"N"
0,"Y","DC-MARYLAND-VIRGINIA AREA",1042189,"Y"
0,"U","DC-MARYLAND-VIRGINIA AREA",1004594,"Y"
0,"U","DC-MARYLAND-VIRGINIA AREA",1036760,"Y"
0,"U","DC-MARYLAND-VIRGINIA AREA",1069837,"N"
0,"U","DC-MARYLAND-VIRGINIA AREA",1086416,"Y"
9,"Y","DC-MARYLAND-VIRGINIA AREA",1025754,"N"
1.333333333,"N","DC-MARYLAND-VIRGINIA AREA",1063477,"N"
0.666666667,"Y","DC-MARYLAND-VIRGINIA AREA",1050145,"Y"
0,"U","DC-MARYLAND-VIRGINIA AREA",1094390,"N"
0,"U","DC-MARYLAND-VIRGINIA AREA",1081824,"Y"
0,"U","DC-MARYLAND-VIRGINIA AREA",1047317,"Y"
0,"U","DC-MARYLAND-VIRGINIA AREA",1032710,"Y"
0,"U","DC-MARYLAND-VIRGINIA AREA",1024469,"Y"
0,"U","DC-MARYLAND-VIRGINIA AREA",1067589,""
0.666666667,"U","DC-MARYLAND-VIRGINIA AREA",1024296,"Y"
5.666666667,"Y","DC-MARYLAND-VIRGINIA AREA",1094968,"N"
0.333333333,"U","DC-MARYLAND-VIRGINIA AREA",1079756,"Y"
16,"U","DC-MARYLAND-VIRGINIA AREA",1064884,""
1.333333333,"U","DC-MARYLAND-VIRGINIA AREA",1089709,"Y"
0,"U","DC-MARYLAND-VIRGINIA AREA",1051449,"Y"
0,"U","DC-MARYLAND-VIRGINIA AREA",1066121,"Y"
1.333333333,"U","DC-MARYLAND-VIRGINIA AREA",1023109,"Y"
5.666666667,"U","DC-MARYLAND-VIRGINIA AREA",1058267,"N"
365.6666667,"U","DC-MARYLAND-VIRGINIA AREA",1023013,"Y"
0,"N","DC-MARYLAND-VIRGINIA AREA",1020552,"Y"
1,"U","DC-MARYLAND-VIRGINIA AREA",1095568,"N"
0,"N","DC-MARYLAND-VIRGINIA AREA",1065819,"Y"
0,"U","DC-MARYLAND-VIRGINIA AREA",1082800,"N"
7.333333333,"U","DC-MARYLAND-VIRGINIA AREA",1074094,"Y"
2.333333333,"U","DC-MARYLAND-VIRGINIA AREA",1010246,"Y"
3.666666667,"U","DC-MARYLAND-VIRGINIA AREA",1054436,"Y"
0.666666667,"Y","DC-MARYLAND-VIRGINIA AREA",1057997,"N"
4,"U","DC-MARYLAND-VIRGINIA AREA",1084083,"N"
1,"U","DC-MARYLAND-VIRGINIA AREA",1047751,"N"
0,"N","DC-MARYLAND-VIRGINIA AREA",1017120,"Y"
0,"U","DC-MARYLAND-VIRGINIA AREA",1020342,"Y"
0,"U","DC-MARYLAND-VIRGINIA AREA",1093006,"Y"
0,"U","DC-MARYLAND-VIRGINIA AREA",1052043,"Y"
0,"U","DC-MARYLAND-VIRGINIA AREA",1081662,"Y"
0,"U","DC-MARYLAND-VIRGINIA AREA",1094382,"N"
0,"U","DC-MARYLAND-VIRGINIA AREA",1025330,"Y"
0.666666667,"U","DC-MARYLAND-VIRGINIA AREA",1094395,"Y"
1.333333333,"U","DC-MARYLAND-VIRGINIA AREA",1096937,"Y"
2.333333333,"Y","DC-MARYLAND-VIRGINIA AREA",1006071,"Y"
0,"U","DC-MARYLAND-VIRGINIA AREA",1088311,"Y"
0,"Y","DC-MARYLAND-VIRGINIA AREA",1035007,"Y"
0,"U","DC-MARYLAND-VIRGINIA AREA",1022772,"Y"
0,"Y","DC-MARYLAND-VIRGINIA AREA",1022275,"N"
0,"U","DC-MARYLAND-VIRGINIA AREA",1026075,"Y"
0,"U","DC-MARYLAND-VIRGINIA AREA",1061362,"Y"
4.333333333,"U","DC-MARYLAND-VIRGINIA AREA",1049599,"N"
0,"U","DC-MARYLAND-VIRGINIA AREA",1067371,"Y"
4.333333333,"N","DC-MARYLAND-VIRGINIA AREA",1015324,"Y"
5.666666667,"U","DC-MARYLAND-VIRGINIA AREA",1083915,"N"
8,"N","DC-MARYLAND-VIRGINIA AREA",1095897,"N"
0,"Y","DC-MARYLAND-VIRGINIA AREA",1078868,"N"
4,"Y","DC-MARYLAND-VIRGINIA AREA",1005145,"Y"
0.333333333,"U","DC-MARYLAND-VIRGINIA AREA",1025092,"Y"
43.33333333,"N","DC-MARYLAND-VIRGINIA AREA",1086002,"Y"
0,"U","DC-MARYLAND-VIRGINIA AREA",1026303,"N"
0,"U","DC-MARYLAND-VIRGINIA AREA",1084526,"N"
0.333333333,"U","DC-MARYLAND-VIRGINIA AREA",1053801,"N"
0,"U","DC-MARYLAND-VIRGINIA AREA",1038594,"Y"
0,"U","DC-MARYLAND-VIRGINIA AREA",1016098,"Y"
0.333333333,"Y","DC-MARYLAND-VIRGINIA AREA",1056645,"Y"
0,"U","DC-MARYLAND-VIRGINIA AREA",1094360,"N"
0.333333333,"U","DC-MARYLAND-VIRGINIA AREA",1049118,"N"
0.333333333,"Y","DC-MARYLAND-VIRGINIA AREA",1042815,"Y"
0,"U","DC-MARYLAND-VIRGINIA AREA",1025938,"Y"
0,"U","DC-MARYLAND-VIRGINIA AREA",1022770,"Y"
0,"Y","DC-MARYLAND-VIRGINIA AREA",1091721,"Y"
0,"U","DC-MARYLAND-VIRGINIA AREA",1020526,"Y"
1.666666667,"Y","DC-MARYLAND-VIRGINIA AREA",1054241,"Y"
13.33333333,"U","DC-MARYLAND-VIRGINIA AREA",1023272,"Y"
0,"U","DC-MARYLAND-VIRGINIA AREA",1027335,"Y"
0,"U","DC-MARYLAND-VIRGINIA AREA",1055434,"N"
0,"U","DC-MARYLAND-VIRGINIA AREA",1029138,"Y"
0.333333333,"U","DC-MARYLAND-VIRGINIA AREA",1048363,"Y"
0,"U","DC-MARYLAND-VIRGINIA AREA",1076234,"Y"
0.666666667,"U","DC-MARYLAND-VIRGINIA AREA",1061054,"Y"
7,"U","DC-MARYLAND-VIRGINIA AREA",1089351,"N"
0,"Y","DC-MARYLAND-VIRGINIA AREA",1027627,"Y"
0,"Y","DC-MARYLAND-VIRGINIA AREA",1014836,"Y"
0,"N","DC-MARYLAND-VIRGINIA AREA",1039635,"N"
0,"U","DC-MARYLAND-VIRGINIA AREA",1013529,"Y"
0,"U","DC-MARYLAND-VIRGINIA AREA",1082355,"Y"
3.333333333,"U","DC-MARYLAND-VIRGINIA AREA",1018997,"N"
19,"U","DC-MARYLAND-VIRGINIA AREA",1075243,"Y"
2.666666667,"U","DC-MARYLAND-VIRGINIA AREA",1010336,"Y"
0,"N","DC-MARYLAND-VIRGINIA AREA",1014246,"N"
0,"U","DC-MARYLAND-VIRGINIA AREA",1063931,"N"
0,"N","DC-MARYLAND-VIRGINIA AREA",1058524,"N"
0.333333333,"U","DC-MARYLAND-VIRGINIA AREA",1068545,"Y"
0,"U","DC-MARYLAND-VIRGINIA AREA",1064558,"Y"
0,"U","DC-MARYLAND-VIRGINIA AREA",1042220,"Y"
0,"N","DC-MARYLAND-VIRGINIA AREA",1092115,"Y"
0,"U","DC-MARYLAND-VIRGINIA AREA",1037960,"N"
2.666666667,"Y","DC-MARYLAND-VIRGINIA AREA",1046722,"N"
0,"N","DC-MARYLAND-VIRGINIA AREA",1066551,"Y"
3.333333333,"Y","DC-MARYLAND-VIRGINIA AREA",1088382,"N"
0,"U","DC-MARYLAND-VIRGINIA AREA",1088191,"N"
0,"N","DC-MARYLAND-VIRGINIA AREA",1015641,"Y"
0,"U","DC-MARYLAND-VIRGINIA AREA",1062500,"Y"
0,"U","DC-MARYLAND-VIRGINIA AREA",1050927,"Y"
0.666666667,"N","DC-MARYLAND-VIRGINIA AREA",1014214,"Y"
0,"U","DC-MARYLAND-VIRGINIA AREA",1071798,"Y"
2.666666667,"Y","DC-MARYLAND-VIRGINIA AREA",1021357,"Y"
0,"U","DC-MARYLAND-VIRGINIA AREA",1081000,"Y"
0,"Y","DC-MARYLAND-VIRGINIA AREA",1029689,"N"
3.333333333,"U","DC-MARYLAND-VIRGINIA AREA",1044759,"Y"
0,"U","DC-MARYLAND-VIRGINIA AREA",1075515,"N"
0,"U","DC-MARYLAND-VIRGINIA AREA",1028172,"Y"
0,"U","DC-MARYLAND-VIRGINIA AREA",1020188,"N"
2.666666667,"U","DC-MARYLAND-VIRGINIA AREA",1016002,"Y"
4,"N","DC-MARYLAND-VIRGINIA AREA",1052665,"N"
0.333333333,"N","DC-MARYLAND-VIRGINIA AREA",1018407,"N"
0.666666667,"U","DC-MARYLAND-VIRGINIA AREA",1094920,"Y"
7.333333333,"Y","DC-MARYLAND-VIRGINIA AREA",1025158,"Y"
3.333333333,"Y","DC-MARYLAND-VIRGINIA AREA",1018983,"Y"
0,"Y","DC-MARYLAND-VIRGINIA AREA",1003580,"Y"
0,"U","DC-MARYLAND-VIRGINIA AREA",1084964,"Y"
0,"U","DC-MARYLAND-VIRGINIA AREA",1080990,"Y"
0,"U","DC-MARYLAND-VIRGINIA AREA",1094352,"Y"
3.666666667,"N","DC-MARYLAND-VIRGINIA AREA",1049414,"Y"
2.666666667,"U","DC-MARYLAND-VIRGINIA AREA",1097459,"N"
0.333333333,"N","DC-MARYLAND-VIRGINIA AREA",1029821,"Y"
6,"N","DC-MARYLAND-VIRGINIA AREA",1084585,"Y"
1,"U","DC-MARYLAND-VIRGINIA AREA",1066889,"Y"
1.333333333,"U","DC-MARYLAND-VIRGINIA AREA",1094519,"N"
0,"U","DC-MARYLAND-VIRGINIA AREA",1036278,"Y"
2.333333333,"N","DC-MARYLAND-VIRGINIA AREA",1032006,"N"
23.33333333,"U","DC-MARYLAND-VIRGINIA AREA",1096158,"N"
0,"Y","DC-MARYLAND-VIRGINIA AREA",1022322,"N"
0.333333333,"U","DC-MARYLAND-VIRGINIA AREA",1049899,"N"
0.333333333,"U","DC-MARYLAND-VIRGINIA AREA",1095013,"N"
0,"U","DC-MARYLAND-VIRGINIA AREA",1073446,"Y"
2.666666667,"Y","DC-MARYLAND-VIRGINIA AREA",1044535,"N"
0,"U","DC-MARYLAND-VIRGINIA AREA",1094404,"N"
0,"U","DC-MARYLAND-VIRGINIA AREA",1094072,"N"
0,"Y","DC-MARYLAND-VIRGINIA AREA",1014207,"Y"
0,"N","DC-MARYLAND-VIRGINIA AREA",1036489,"N"
0,"N","DC-MARYLAND-VIRGINIA AREA",1070114,"Y"
16,"U","DC-MARYLAND-VIRGINIA AREA",1027818,"Y"
4.666666667,"Y","DC-MARYLAND-VIRGINIA AREA",1040419,"N"
0,"U","DC-MARYLAND-VIRGINIA AREA",1019459,"Y"
0,"U","DC-MARYLAND-VIRGINIA AREA",1023211,"Y"
2.333333333,"U","DC-MARYLAND-VIRGINIA AREA",1083608,"N"
1.333333333,"U","DC-MARYLAND-VIRGINIA AREA",1085648,"Y"
4.666666667,"U","DC-MARYLAND-VIRGINIA AREA",1053854,"Y"
0,"N","DC-MARYLAND-VIRGINIA AREA",1012660,"Y"
0,"Y","DC-MARYLAND-VIRGINIA AREA",1046202,"N"
2.333333333,"Y","DC-MARYLAND-VIRGINIA AREA",1012861,"N"
1.666666667,"N","DC-MARYLAND-VIRGINIA AREA",1017786,"Y"
0,"U","DC-MARYLAND-VIRGINIA AREA",1030823,"Y"
0,"U","DC-MARYLAND-VIRGINIA AREA",1079500,"Y"
0,"Y","DC-MARYLAND-VIRGINIA AREA",1005652,"Y"
0.333333333,"U","DC-MARYLAND-VIRGINIA AREA",1072144,"N"
0,"Y","DC-MARYLAND-VIRGINIA AREA",1055234,"Y"
0,"U","DC-MARYLAND-VIRGINIA AREA",1084679,"Y"
0,"N","DC-MARYLAND-VIRGINIA AREA",1018009,"Y"
2.666666667,"U","DC-MARYLAND-VIRGINIA AREA",1088761,"Y"
0,"U","DC-MARYLAND-VIRGINIA AREA",1031557,"Y"
0.666666667,"U","DC-MARYLAND-VIRGINIA AREA",1060493,"Y"
0,"Y","DC-MARYLAND-VIRGINIA AREA",1005300,"Y"
0,"U","DC-MARYLAND-VIRGINIA AREA",1030451,"Y"
0,"U","DC-MARYLAND-VIRGINIA AREA",1019201,"Y"
0,"Y","DC-MARYLAND-VIRGINIA AREA",1026411,"Y"
25.66666667,"U","DC-MARYLAND-VIRGINIA AREA",1096297,"N"
6.666666667,"U","DC-MARYLAND-VIRGINIA AREA",1055355,"Y"
0.333333333,"Y","DC-MARYLAND-VIRGINIA AREA",1017164,"Y"
0,"U","DC-MARYLAND-VIRGINIA AREA",1021068,"Y"
0,"Y","DC-MARYLAND-VIRGINIA AREA",1049046,"N"
0,"Y","DC-MARYLAND-VIRGINIA AREA",1023277,"Y"
1,"U","DC-MARYLAND-VIRGINIA AREA",1084785,"N"
10,"U","DC-MARYLAND-VIRGINIA AREA",1094788,"N"
0.333333333,"U","DC-MARYLAND-VIRGINIA AREA",1016824,"Y"
1.666666667,"Y","DC-MARYLAND-VIRGINIA AREA",1089016,"Y"
0,"Y","DC-MARYLAND-VIRGINIA AREA",1047977,"Y"
0,"U","DC-MARYLAND-VIRGINIA AREA",1020708,"Y"
0,"U","DC-MARYLAND-VIRGINIA AREA",1021729,"Y"
0,"Y","DC-MARYLAND-VIRGINIA AREA",1004854,"Y"
9,"U","DC-MARYLAND-VIRGINIA AREA",1042958,"Y"
0,"N","DC-MARYLAND-VIRGINIA AREA",1067999,"Y"
0,"U","DC-MARYLAND-VIRGINIA AREA",1009834,"Y"
0,"U","DC-MARYLAND-VIRGINIA AREA",1033898,"N"
0,"U","DC-MARYLAND-VIRGINIA AREA",1065323,"Y"
0.666666667,"U","DC-MARYLAND-VIRGINIA AREA",1059410,"N"
1.666666667,"U","DC-MARYLAND-VIRGINIA AREA",1049976,"Y"
0,"U","DC-MARYLAND-VIRGINIA AREA",1093315,"Y"
0,"Y","DC-MARYLAND-VIRGINIA AREA",1043890,"Y"
3,"U","DC-MARYLAND-VIRGINIA AREA",1093566,"N"
7.333333333,"Y","DC-MARYLAND-VIRGINIA AREA",1063748,"Y"
0.666666667,"Y","DC-MARYLAND-VIRGINIA AREA",1077199,"Y"
0,"U","DC-MARYLAND-VIRGINIA AREA",1009710,"Y"
2.333333333,"Y","DC-MARYLAND-VIRGINIA AREA",1045414,"N"
0,"U","DC-MARYLAND-VIRGINIA AREA",1025203,""
0,"U","DC-MARYLAND-VIRGINIA AREA",1023206,"Y"
13.33333333,"U","DC-MARYLAND-VIRGINIA AREA",1089919,"N"
0.666666667,"U","DC-MARYLAND-VIRGINIA AREA",1021912,"Y"
0.666666667,"U","DC-MARYLAND-VIRGINIA AREA",1062234,"Y"
0.666666667,"U","DC-MARYLAND-VIRGINIA AREA",1014005,"Y"
0,"N","DC-MARYLAND-VIRGINIA AREA",1061236,"Y"
0,"U","DC-MARYLAND-VIRGINIA AREA",1080066,"Y"
0,"U","DC-MARYLAND-VIRGINIA AREA",1042101,"Y"
2.333333333,"U","DC-MARYLAND-VIRGINIA AREA",1062760,"N"
0,"Y","DC-MARYLAND-VIRGINIA AREA",1005327,"Y"
0,"U","DC-MARYLAND-VIRGINIA AREA",1016039,"N"
0,"U","DC-MARYLAND-VIRGINIA AREA",1054473,"Y"
0.333333333,"Y","DC-MARYLAND-VIRGINIA AREA",1047209,"Y"
0,"Y","DC-MARYLAND-VIRGINIA AREA",1094962,"N"
0,"U","DC-MARYLAND-VIRGINIA AREA",1078675,"N"
17,"U","DC-MARYLAND-VIRGINIA AREA",1052245,"N"
0,"U","DC-MARYLAND-VIRGINIA AREA",1036241,"Y"
0,"Y","DC-MARYLAND-VIRGINIA AREA",1032866,"Y"
0,"Y","DC-MARYLAND-VIRGINIA AREA",1064909,"Y"
0,"U","DC-MARYLAND-VIRGINIA AREA",1022276,"N"
0,"U","DC-MARYLAND-VIRGINIA AREA",1086115,"Y"
21.66666667,"U","DC-MARYLAND-VIRGINIA AREA",1074255,"Y"
0,"N","DC-MARYLAND-VIRGINIA AREA",1026149,""
0,"U","DC-MARYLAND-VIRGINIA AREA",1084786,"Y"
0,"U","DC-MARYLAND-VIRGINIA AREA",1046541,"Y"
