"custcare_Mean","new_cell","area","Customer_ID","creditcd"
3,"U","NEW YORK CITY AREA",1031705,"Y"
7,"U","NEW YORK CITY AREA",1091652,"Y"
0.333333333,"Y","NEW YORK CITY AREA",1013855,"Y"
11.66666667,"Y","NEW YORK CITY AREA",1055064,"N"
0,"U","NEW YORK CITY AREA",1062755,"Y"
1,"U","NEW YORK CITY AREA",1086911,"Y"
2,"U","NEW YORK CITY AREA",1027630,"Y"
0,"N","NEW YORK CITY AREA",1049266,"Y"
0,"Y","NEW YORK CITY AREA",1028772,"Y"
1.333333333,"U","NEW YORK CITY AREA",1018335,"N"
1.333333333,"U","NEW YORK CITY AREA",1089902,"Y"
0.333333333,"N","NEW YORK CITY AREA",1047944,"Y"
0,"Y","NEW YORK CITY AREA",1017236,"Y"
0,"U","NEW YORK CITY AREA",1021284,"Y"
6.666666667,"U","NEW YORK CITY AREA",1032537,"Y"
0,"Y","NEW YORK CITY AREA",1065065,"Y"
0,"U","NEW YORK CITY AREA",1066934,"Y"
0,"U","NEW YORK CITY AREA",1017405,"Y"
0.666666667,"Y","NEW YORK CITY AREA",1034603,"Y"
0,"Y","NEW YORK CITY AREA",1021722,"Y"
0,"Y","NEW YORK CITY AREA",1015715,"Y"
0.333333333,"Y","NEW YORK CITY AREA",1025682,"Y"
0,"U","NEW YORK CITY AREA",1041906,"Y"
0,"N","NEW YORK CITY AREA",1015682,"Y"
0.666666667,"U","NEW YORK CITY AREA",1033966,"N"
0,"U","NEW YORK CITY AREA",1057695,"Y"
6,"Y","NEW YORK CITY AREA",1035849,"N"
0,"U","NEW YORK CITY AREA",1052776,"Y"
27.66666667,"U","NEW YORK CITY AREA",1080979,"Y"
0,"U","NEW YORK CITY AREA",1031092,"Y"
8.333333333,"U","NEW YORK CITY AREA",1093205,"Y"
0.333333333,"U","NEW YORK CITY AREA",1035552,"N"
0,"N","NEW YORK CITY AREA",1007984,"Y"
1.666666667,"N","NEW YORK CITY AREA",1071057,"Y"
0,"U","NEW YORK CITY AREA",1083624,"Y"
0,"U","NEW YORK CITY AREA",1018980,"Y"
0,"Y","NEW YORK CITY AREA",1039221,"N"
0,"N","NEW YORK CITY AREA",1068435,"Y"
0,"U","NEW YORK CITY AREA",1041879,"Y"
2.666666667,"U","NEW YORK CITY AREA",1057302,"Y"
2,"U","NEW YORK CITY AREA",1033802,"Y"
4,"U","NEW YORK CITY AREA",1055424,"Y"
11,"U","NEW YORK CITY AREA",1056945,"N"
0,"U","NEW YORK CITY AREA",1011689,"Y"
1.666666667,"N","NEW YORK CITY AREA",1035416,"Y"
4,"U","NEW YORK CITY AREA",1077297,"Y"
0,"U","NEW YORK CITY AREA",1084884,"Y"
14.33333333,"U","NEW YORK CITY AREA",1078621,"N"
0.666666667,"N","NEW YORK CITY AREA",1015789,"Y"
0,"U","NEW YORK CITY AREA",1073424,"Y"
0,"Y","NEW YORK CITY AREA",1026134,"Y"
0,"U","NEW YORK CITY AREA",1050824,"Y"
0,"Y","NEW YORK CITY AREA",1009771,"Y"
2.333333333,"U","NEW YORK CITY AREA",1064221,"Y"
0,"U","NEW YORK CITY AREA",1050577,"N"
1,"U","NEW YORK CITY AREA",1005730,"Y"
0,"N","NEW YORK CITY AREA",1037162,"Y"
4,"U","NEW YORK CITY AREA",1018653,"Y"
0.666666667,"Y","NEW YORK CITY AREA",1054125,"N"
2,"Y","NEW YORK CITY AREA",1028714,"N"
1,"Y","NEW YORK CITY AREA",1023880,"Y"
0,"Y","NEW YORK CITY AREA",1069208,"N"
0,"N","NEW YORK CITY AREA",1063745,"Y"
0,"U","NEW YORK CITY AREA",1041817,"Y"
2.666666667,"N","NEW YORK CITY AREA",1058076,"N"
1.333333333,"U","NEW YORK CITY AREA",1059172,"Y"
0,"U","NEW YORK CITY AREA",1051993,"N"
2.333333333,"U","NEW YORK CITY AREA",1039182,"Y"
0,"U","NEW YORK CITY AREA",1094080,"Y"
0,"N","NEW YORK CITY AREA",1089728,"Y"
2,"Y","NEW YORK CITY AREA",1001979,"N"
0,"Y","NEW YORK CITY AREA",1089543,"Y"
0,"U","NEW YORK CITY AREA",1075263,""
0,"U","NEW YORK CITY AREA",1057010,"Y"
0,"N","NEW YORK CITY AREA",1009505,"N"
24.66666667,"Y","NEW YORK CITY AREA",1092708,"Y"
0,"U","NEW YORK CITY AREA",1017509,"Y"
8.333333333,"U","NEW YORK CITY AREA",1081583,"Y"
0,"U","NEW YORK CITY AREA",1063342,"N"
0,"U","NEW YORK CITY AREA",1084350,"Y"
0,"U","NEW YORK CITY AREA",1063017,"Y"
0,"U","NEW YORK CITY AREA",1043167,"Y"
3.333333333,"U","NEW YORK CITY AREA",1075197,"N"
1,"U","NEW YORK CITY AREA",1031370,"Y"
0,"U","NEW YORK CITY AREA",1016709,"N"
0,"U","NEW YORK CITY AREA",1092742,"Y"
0,"U","NEW YORK CITY AREA",1027744,"Y"
0,"Y","NEW YORK CITY AREA",1060566,"N"
18.66666667,"Y","NEW YORK CITY AREA",1096064,"N"
0.333333333,"N","NEW YORK CITY AREA",1023845,"N"
9,"Y","NEW YORK CITY AREA",1052687,"Y"
0,"U","NEW YORK CITY AREA",1020074,"Y"
0,"U","NEW YORK CITY AREA",1053417,"Y"
0,"U","NEW YORK CITY AREA",1062017,"N"
1,"Y","NEW YORK CITY AREA",1042601,"N"
4.333333333,"U","NEW YORK CITY AREA",1016693,"N"
0,"U","NEW YORK CITY AREA",1021121,"Y"
0,"Y","NEW YORK CITY AREA",1019378,"N"
0,"N","NEW YORK CITY AREA",1035159,"Y"
1.333333333,"U","NEW YORK CITY AREA",1090059,"N"
0,"U","NEW YORK CITY AREA",1034355,"Y"
3.333333333,"U","NEW YORK CITY AREA",1015594,"Y"
0,"U","NEW YORK CITY AREA",1093844,"Y"
29.33333333,"Y","NEW YORK CITY AREA",1040204,"N"
0.666666667,"Y","NEW YORK CITY AREA",1030490,"Y"
0.666666667,"U","NEW YORK CITY AREA",1091171,"Y"
0,"U","NEW YORK CITY AREA",1047854,"N"
0,"U","NEW YORK CITY AREA",1075381,"Y"
0,"Y","NEW YORK CITY AREA",1047086,"Y"
6,"Y","NEW YORK CITY AREA",1018513,"Y"
0,"U","NEW YORK CITY AREA",1069759,"Y"
1,"U","NEW YORK CITY AREA",1068061,"Y"
0,"Y","NEW YORK CITY AREA",1011727,""
0,"Y","NEW YORK CITY AREA",1028386,"Y"
4.666666667,"U","NEW YORK CITY AREA",1018960,"Y"
1.666666667,"U","NEW YORK CITY AREA",1003569,"Y"
20.66666667,"Y","NEW YORK CITY AREA",1014442,"N"
5,"Y","NEW YORK CITY AREA",1096997,"Y"
0,"Y","NEW YORK CITY AREA",1074635,"Y"
15.33333333,"U","NEW YORK CITY AREA",1092920,"N"
0,"N","NEW YORK CITY AREA",1064122,"Y"
5.666666667,"Y","NEW YORK CITY AREA",1037296,"Y"
0,"U","NEW YORK CITY AREA",1080162,"N"
0,"Y","NEW YORK CITY AREA",1049032,"N"
1.666666667,"U","NEW YORK CITY AREA",1027169,"Y"
0.333333333,"U","NEW YORK CITY AREA",1044898,"N"
0,"U","NEW YORK CITY AREA",1049724,"Y"
0.666666667,"Y","NEW YORK CITY AREA",1021376,"Y"
1.333333333,"Y","NEW YORK CITY AREA",1028748,"Y"
0,"U","NEW YORK CITY AREA",1084562,"Y"
0,"U","NEW YORK CITY AREA",1043763,"Y"
0,"Y","NEW YORK CITY AREA",1007374,"Y"
28.66666667,"U","NEW YORK CITY AREA",1073224,"N"
10.66666667,"U","NEW YORK CITY AREA",1080749,"N"
0,"Y","NEW YORK CITY AREA",1021913,"Y"
0,"Y","NEW YORK CITY AREA",1011884,"Y"
1,"U","NEW YORK CITY AREA",1073058,"N"
20,"U","NEW YORK CITY AREA",1071218,"Y"
0,"Y","NEW YORK CITY AREA",1071468,"Y"
0,"U","NEW YORK CITY AREA",1053344,"Y"
0.666666667,"U","NEW YORK CITY AREA",1011002,"Y"
1.333333333,"U","NEW YORK CITY AREA",1059604,"Y"
0,"U","NEW YORK CITY AREA",1073921,"N"
16,"U","NEW YORK CITY AREA",1010384,"N"
0,"U","NEW YORK CITY AREA",1017757,"Y"
0.333333333,"U","NEW YORK CITY AREA",1049196,"Y"
0,"Y","NEW YORK CITY AREA",1009460,"Y"
0,"U","NEW YORK CITY AREA",1069650,"Y"
0.333333333,"U","NEW YORK CITY AREA",1011111,"N"
0,"U","NEW YORK CITY AREA",1045339,"Y"
0,"U","NEW YORK CITY AREA",1028459,"Y"
2,"U","NEW YORK CITY AREA",1019863,"Y"
9,"U","NEW YORK CITY AREA",1083912,"Y"
0.333333333,"N","NEW YORK CITY AREA",1007371,"Y"
0,"Y","NEW YORK CITY AREA",1062462,"Y"
0,"U","NEW YORK CITY AREA",1075942,"N"
0,"U","NEW YORK CITY AREA",1022204,"Y"
0.333333333,"U","NEW YORK CITY AREA",1019233,"Y"
0.666666667,"N","NEW YORK CITY AREA",1013667,"N"
0,"N","NEW YORK CITY AREA",1011900,"N"
0.666666667,"N","NEW YORK CITY AREA",1089934,"Y"
0,"U","NEW YORK CITY AREA",1082577,"Y"
0,"U","NEW YORK CITY AREA",1008179,"N"
0,"U","NEW YORK CITY AREA",1038473,"Y"
16.66666667,"Y","NEW YORK CITY AREA",1093517,"N"
1.333333333,"Y","NEW YORK CITY AREA",1041773,"Y"
0,"N","NEW YORK CITY AREA",1043591,"Y"
3.666666667,"U","NEW YORK CITY AREA",1040980,"Y"
6.333333333,"U","NEW YORK CITY AREA",1041727,"N"
8.333333333,"N","NEW YORK CITY AREA",1035083,"N"
0.666666667,"Y","NEW YORK CITY AREA",1021010,"Y"
0.666666667,"U","NEW YORK CITY AREA",1051356,"N"
1.666666667,"U","NEW YORK CITY AREA",1087159,"Y"
0.666666667,"U","NEW YORK CITY AREA",1024442,"N"
3.333333333,"U","NEW YORK CITY AREA",1004135,"Y"
0.666666667,"U","NEW YORK CITY AREA",1057650,"Y"
0,"Y","NEW YORK CITY AREA",1065987,"Y"
1.666666667,"U","NEW YORK CITY AREA",1073493,"Y"
0,"U","NEW YORK CITY AREA",1005695,"Y"
1.333333333,"U","NEW YORK CITY AREA",1070097,"Y"
2,"Y","NEW YORK CITY AREA",1048507,"N"
1.333333333,"Y","NEW YORK CITY AREA",1059688,"N"
0,"U","NEW YORK CITY AREA",1057460,"N"
1,"N","NEW YORK CITY AREA",1029484,"Y"
0.333333333,"U","NEW YORK CITY AREA",1052140,"Y"
13.66666667,"Y","NEW YORK CITY AREA",1048022,"Y"
2.333333333,"U","NEW YORK CITY AREA",1085256,"Y"
0.666666667,"Y","NEW YORK CITY AREA",1008378,"N"
0,"U","NEW YORK CITY AREA",1042066,"Y"
0,"N","NEW YORK CITY AREA",1032788,"Y"
0,"N","NEW YORK CITY AREA",1023889,"Y"
0.666666667,"U","NEW YORK CITY AREA",1043943,"N"
0,"U","NEW YORK CITY AREA",1037775,"N"
0,"U","NEW YORK CITY AREA",1074121,"Y"
0.333333333,"U","NEW YORK CITY AREA",1042577,"N"
0,"N","NEW YORK CITY AREA",1005404,"N"
0,"Y","NEW YORK CITY AREA",1019891,"Y"
0,"Y","NEW YORK CITY AREA",1068199,"Y"
0,"U","NEW YORK CITY AREA",1065477,"Y"
0,"N","NEW YORK CITY AREA",1085726,"Y"
0,"U","NEW YORK CITY AREA",1043570,"Y"
0,"Y","NEW YORK CITY AREA",1080538,"Y"
0,"Y","NEW YORK CITY AREA",1092465,"Y"
1.333333333,"Y","NEW YORK CITY AREA",1014851,"Y"
0.333333333,"U","NEW YORK CITY AREA",1022524,"Y"
0,"Y","NEW YORK CITY AREA",1012821,"Y"
3.666666667,"U","NEW YORK CITY AREA",1074960,"N"
1.666666667,"U","NEW YORK CITY AREA",1037594,"N"
0,"U","NEW YORK CITY AREA",1037902,"N"
57,"U","NEW YORK CITY AREA",1085823,"N"
0.333333333,"U","NEW YORK CITY AREA",1015112,"N"
1.333333333,"Y","NEW YORK CITY AREA",1006476,"Y"
15.66666667,"U","NEW YORK CITY AREA",1053287,"N"
0.666666667,"U","NEW YORK CITY AREA",1030996,"Y"
0.333333333,"U","NEW YORK CITY AREA",1012135,"Y"
0,"U","NEW YORK CITY AREA",1053916,"Y"
0,"U","NEW YORK CITY AREA",1003837,"Y"
2,"U","NEW YORK CITY AREA",1054046,"Y"
0.333333333,"N","NEW YORK CITY AREA",1061434,"Y"
1,"U","NEW YORK CITY AREA",1015880,"N"
6.666666667,"Y","NEW YORK CITY AREA",1096975,"N"
3.333333333,"Y","NEW YORK CITY AREA",1022457,"Y"
1,"U","NEW YORK CITY AREA",1040634,"Y"
0,"U","NEW YORK CITY AREA",1004792,"Y"
9,"Y","NEW YORK CITY AREA",1004108,"Y"
1.333333333,"N","NEW YORK CITY AREA",1008139,"Y"
0,"U","NEW YORK CITY AREA",1095486,"Y"
0.666666667,"U","NEW YORK CITY AREA",1041700,"N"
0,"N","NEW YORK CITY AREA",1008338,"N"
4.333333333,"U","NEW YORK CITY AREA",1088149,"Y"
0.333333333,"U","NEW YORK CITY AREA",1031812,"Y"
5,"U","NEW YORK CITY AREA",1052013,"Y"
2,"U","NEW YORK CITY AREA",1043147,"Y"
6,"U","NEW YORK CITY AREA",1027829,"Y"
12,"N","NEW YORK CITY AREA",1019664,"Y"
0,"U","NEW YORK CITY AREA",1081097,"Y"
9,"Y","NEW YORK CITY AREA",1021614,"Y"
0,"Y","NEW YORK CITY AREA",1019083,"N"
0,"U","NEW YORK CITY AREA",1055513,"N"
0,"U","NEW YORK CITY AREA",1090898,"N"
0,"U","NEW YORK CITY AREA",1015165,"Y"
0,"U","NEW YORK CITY AREA",1054295,"Y"
0,"N","NEW YORK CITY AREA",1017936,"Y"
2.666666667,"U","NEW YORK CITY AREA",1085902,""
4.333333333,"U","NEW YORK CITY AREA",1012083,"Y"
0,"U","NEW YORK CITY AREA",1084399,"N"
5.666666667,"Y","NEW YORK CITY AREA",1078784,"N"
3.333333333,"U","NEW YORK CITY AREA",1031357,"Y"
0.333333333,"Y","NEW YORK CITY AREA",1054830,"Y"
0,"Y","NEW YORK CITY AREA",1052472,"Y"
2.666666667,"U","NEW YORK CITY AREA",1080278,"Y"
1.666666667,"U","NEW YORK CITY AREA",1096813,"Y"
0.666666667,"Y","NEW YORK CITY AREA",1041354,"Y"
0,"U","NEW YORK CITY AREA",1011970,"Y"
0,"Y","NEW YORK CITY AREA",1006770,"Y"
0,"Y","NEW YORK CITY AREA",1076535,"N"
0,"U","NEW YORK CITY AREA",1062973,"Y"
1.333333333,"U","NEW YORK CITY AREA",1045415,"Y"
0,"U","NEW YORK CITY AREA",1007947,"Y"
2,"U","NEW YORK CITY AREA",1041717,"Y"
39.33333333,"Y","NEW YORK CITY AREA",1051120,"N"
0,"U","NEW YORK CITY AREA",1048312,"Y"
0,"U","NEW YORK CITY AREA",1018618,"Y"
1.333333333,"U","NEW YORK CITY AREA",1059094,"N"
7.666666667,"N","NEW YORK CITY AREA",1032525,"Y"
0.666666667,"Y","NEW YORK CITY AREA",1086463,"Y"
5.666666667,"Y","NEW YORK CITY AREA",1072030,"Y"
0,"Y","NEW YORK CITY AREA",1034177,"Y"
0.666666667,"U","NEW YORK CITY AREA",1016414,"Y"
0,"U","NEW YORK CITY AREA",1067094,"N"
0,"U","NEW YORK CITY AREA",1073015,"Y"
0,"U","NEW YORK CITY AREA",1071327,"Y"
0.666666667,"N","NEW YORK CITY AREA",1014604,"Y"
0,"U","NEW YORK CITY AREA",1050570,"N"
0.666666667,"U","NEW YORK CITY AREA",1019104,"Y"
0,"Y","NEW YORK CITY AREA",1003986,"Y"
2,"Y","NEW YORK CITY AREA",1091281,"N"
0,"U","NEW YORK CITY AREA",1039589,"Y"
2,"U","NEW YORK CITY AREA",1020084,"Y"
9.333333333,"U","NEW YORK CITY AREA",1061260,"N"
0,"U","NEW YORK CITY AREA",1014647,"N"
1.666666667,"N","NEW YORK CITY AREA",1017067,"N"
0,"U","NEW YORK CITY AREA",1068659,"N"
0.333333333,"U","NEW YORK CITY AREA",1088596,"Y"
5,"U","NEW YORK CITY AREA",1048646,"N"
0,"U","NEW YORK CITY AREA",1003856,"N"
0.333333333,"U","NEW YORK CITY AREA",1010731,"Y"
0,"U","NEW YORK CITY AREA",1030639,"Y"
4,"U","NEW YORK CITY AREA",1040268,"Y"
15.66666667,"N","NEW YORK CITY AREA",1067232,"Y"
1.666666667,"U","NEW YORK CITY AREA",1086501,"Y"
11.33333333,"U","NEW YORK CITY AREA",1078056,"Y"
14,"U","NEW YORK CITY AREA",1084003,"N"
0.666666667,"U","NEW YORK CITY AREA",1038868,"Y"
6.333333333,"U","NEW YORK CITY AREA",1025077,"Y"
0,"U","NEW YORK CITY AREA",1059637,"Y"
4.333333333,"N","NEW YORK CITY AREA",1007018,"Y"
0,"U","NEW YORK CITY AREA",1054808,"Y"
5.666666667,"U","NEW YORK CITY AREA",1038116,"Y"
0,"U","NEW YORK CITY AREA",1079138,"Y"
0,"N","NEW YORK CITY AREA",1003744,"N"
0,"U","NEW YORK CITY AREA",1041261,"Y"
0.333333333,"U","NEW YORK CITY AREA",1054641,"Y"
9,"N","NEW YORK CITY AREA",1030699,"Y"
0,"Y","NEW YORK CITY AREA",1008480,"Y"
0,"Y","NEW YORK CITY AREA",1003077,"N"
0,"U","NEW YORK CITY AREA",1006970,"Y"
0,"U","NEW YORK CITY AREA",1037003,"N"
0.333333333,"N","NEW YORK CITY AREA",1041385,"Y"
2.666666667,"U","NEW YORK CITY AREA",1095071,"N"
0,"Y","NEW YORK CITY AREA",1045405,"N"
0,"U","NEW YORK CITY AREA",1020729,"Y"
0,"N","NEW YORK CITY AREA",1013703,"Y"
7,"Y","NEW YORK CITY AREA",1025952,"N"
0,"U","NEW YORK CITY AREA",1090072,"Y"
0,"Y","NEW YORK CITY AREA",1005354,""
11.66666667,"U","NEW YORK CITY AREA",1058502,"Y"
0,"U","NEW YORK CITY AREA",1041429,"Y"
0.666666667,"U","NEW YORK CITY AREA",1073780,"N"
0,"U","NEW YORK CITY AREA",1085147,"N"
0,"U","NEW YORK CITY AREA",1010406,"Y"
0,"N","NEW YORK CITY AREA",1003663,"Y"
0,"Y","NEW YORK CITY AREA",1018123,"Y"
0,"U","NEW YORK CITY AREA",1018990,"Y"
2.333333333,"Y","NEW YORK CITY AREA",1011239,"N"
0,"U","NEW YORK CITY AREA",1044554,"Y"
0.333333333,"U","NEW YORK CITY AREA",1032223,"Y"
0,"Y","NEW YORK CITY AREA",1033992,"N"
0,"Y","NEW YORK CITY AREA",1057246,"N"
0,"Y","NEW YORK CITY AREA",1016972,"Y"
0.666666667,"U","NEW YORK CITY AREA",1016978,"Y"
2.666666667,"Y","NEW YORK CITY AREA",1095440,"N"
0.333333333,"N","NEW YORK CITY AREA",1026060,"Y"
0,"N","NEW YORK CITY AREA",1043048,"Y"
0,"U","NEW YORK CITY AREA",1093706,"Y"
1.666666667,"U","NEW YORK CITY AREA",1022093,"N"
1.333333333,"U","NEW YORK CITY AREA",1002334,"N"
0,"U","NEW YORK CITY AREA",1045652,"Y"
57,"N","NEW YORK CITY AREA",1049040,"N"
0,"Y","NEW YORK CITY AREA",1043396,"N"
10.33333333,"U","NEW YORK CITY AREA",1081975,"N"
0,"U","NEW YORK CITY AREA",1060893,"Y"
0,"U","NEW YORK CITY AREA",1011964,"Y"
8.333333333,"Y","NEW YORK CITY AREA",1095797,"Y"
0,"U","NEW YORK CITY AREA",1008822,"Y"
6.666666667,"Y","NEW YORK CITY AREA",1002430,"N"
0,"U","NEW YORK CITY AREA",1068176,"Y"
1,"Y","NEW YORK CITY AREA",1066528,"Y"
0,"N","NEW YORK CITY AREA",1019853,"Y"
0,"U","NEW YORK CITY AREA",1090438,"N"
0,"N","NEW YORK CITY AREA",1037807,"Y"
0,"Y","NEW YORK CITY AREA",1034429,"Y"
0,"U","NEW YORK CITY AREA",1045920,"Y"
0,"N","NEW YORK CITY AREA",1012293,"Y"
0,"Y","NEW YORK CITY AREA",1022294,"N"
17,"U","NEW YORK CITY AREA",1081338,"Y"
0,"U","NEW YORK CITY AREA",1073391,"Y"
8.666666667,"U","NEW YORK CITY AREA",1081729,"N"
0,"U","NEW YORK CITY AREA",1023817,"N"
0,"Y","NEW YORK CITY AREA",1023236,"Y"
8,"U","NEW YORK CITY AREA",1095632,"N"
0.333333333,"U","NEW YORK CITY AREA",1083386,"Y"
7.333333333,"U","NEW YORK CITY AREA",1078265,"Y"
2,"N","NEW YORK CITY AREA",1086336,"Y"
6.333333333,"N","NEW YORK CITY AREA",1034749,"Y"
0,"Y","NEW YORK CITY AREA",1068097,"Y"
0,"Y","NEW YORK CITY AREA",1054183,"N"
0.333333333,"U","NEW YORK CITY AREA",1069244,"N"
11.66666667,"Y","NEW YORK CITY AREA",1047969,"N"
0,"N","NEW YORK CITY AREA",1042843,"Y"
0,"N","NEW YORK CITY AREA",1072520,""
3.666666667,"U","NEW YORK CITY AREA",1088123,"N"
8.666666667,"U","NEW YORK CITY AREA",1083965,"N"
0,"U","NEW YORK CITY AREA",1085725,"Y"
0,"N","NEW YORK CITY AREA",1017664,"Y"
0,"U","NEW YORK CITY AREA",1018868,"Y"
0,"U","NEW YORK CITY AREA",1037204,"Y"
0,"N","NEW YORK CITY AREA",1011348,"N"
6,"U","NEW YORK CITY AREA",1079829,"N"
0,"U","NEW YORK CITY AREA",1095750,"N"
0,"U","NEW YORK CITY AREA",1041041,"Y"
0,"N","NEW YORK CITY AREA",1012084,"Y"
23.33333333,"Y","NEW YORK CITY AREA",1090079,"Y"
5,"Y","NEW YORK CITY AREA",1049703,"Y"
0,"U","NEW YORK CITY AREA",1066560,"N"
9.666666667,"N","NEW YORK CITY AREA",1019375,"Y"
0.333333333,"U","NEW YORK CITY AREA",1035712,"Y"
1,"N","NEW YORK CITY AREA",1034357,"Y"
0,"N","NEW YORK CITY AREA",1087147,"Y"
38,"U","NEW YORK CITY AREA",1088821,"Y"
0,"Y","NEW YORK CITY AREA",1051531,"Y"
0,"U","NEW YORK CITY AREA",1083123,"N"
0,"U","NEW YORK CITY AREA",1046900,"Y"
5.666666667,"U","NEW YORK CITY AREA",1083266,"Y"
14,"U","NEW YORK CITY AREA",1078215,"Y"
0,"U","NEW YORK CITY AREA",1021738,"Y"
0.666666667,"Y","NEW YORK CITY AREA",1026098,"Y"
93,"U","NEW YORK CITY AREA",1079185,"Y"
1.333333333,"U","NEW YORK CITY AREA",1009450,"Y"
0,"U","NEW YORK CITY AREA",1081488,"Y"
0,"U","NEW YORK CITY AREA",1036450,"Y"
14.66666667,"U","NEW YORK CITY AREA",1091198,"Y"
4.666666667,"U","NEW YORK CITY AREA",1065085,"N"
1,"U","NEW YORK CITY AREA",1058995,"Y"
4.666666667,"U","NEW YORK CITY AREA",1015297,"N"
1,"Y","NEW YORK CITY AREA",1051619,"Y"
0.333333333,"U","NEW YORK CITY AREA",1072960,"Y"
0,"U","NEW YORK CITY AREA",1052085,"N"
0,"U","NEW YORK CITY AREA",1047746,"N"
0,"N","NEW YORK CITY AREA",1076837,"N"
0,"U","NEW YORK CITY AREA",1079526,"Y"
1.333333333,"U","NEW YORK CITY AREA",1008764,"Y"
0,"U","NEW YORK CITY AREA",1066885,"Y"
0,"N","NEW YORK CITY AREA",1070369,""
6.666666667,"U","NEW YORK CITY AREA",1053865,"Y"
0,"U","NEW YORK CITY AREA",1058686,"Y"
0,"U","NEW YORK CITY AREA",1081507,"Y"
0,"U","NEW YORK CITY AREA",1039978,"Y"
6.333333333,"Y","NEW YORK CITY AREA",1093424,"Y"
0,"U","NEW YORK CITY AREA",1044115,"Y"
0,"Y","NEW YORK CITY AREA",1007231,"N"
0.666666667,"U","NEW YORK CITY AREA",1042712,"Y"
2.333333333,"U","NEW YORK CITY AREA",1022429,"Y"
0,"N","NEW YORK CITY AREA",1036843,"Y"
4,"U","NEW YORK CITY AREA",1045940,"N"
0,"U","NEW YORK CITY AREA",1069535,"Y"
0,"Y","NEW YORK CITY AREA",1010796,"N"
1.333333333,"Y","NEW YORK CITY AREA",1014497,"Y"
2.333333333,"U","NEW YORK CITY AREA",1037640,"Y"
2.333333333,"U","NEW YORK CITY AREA",1084338,"Y"
5.666666667,"U","NEW YORK CITY AREA",1045467,"N"
16,"N","NEW YORK CITY AREA",1013945,"Y"
0,"U","NEW YORK CITY AREA",1074689,"Y"
0,"N","NEW YORK CITY AREA",1065739,"Y"
0,"Y","NEW YORK CITY AREA",1052930,"Y"
5,"Y","NEW YORK CITY AREA",1009204,"Y"
3.333333333,"U","NEW YORK CITY AREA",1056421,"N"
0.333333333,"U","NEW YORK CITY AREA",1032662,"Y"
0,"U","NEW YORK CITY AREA",1040277,"Y"
0,"U","NEW YORK CITY AREA",1018082,"Y"
2.666666667,"U","NEW YORK CITY AREA",1063627,"N"
0,"Y","NEW YORK CITY AREA",1050021,"N"
4.666666667,"Y","NEW YORK CITY AREA",1017967,"Y"
0,"N","NEW YORK CITY AREA",1044295,"Y"
0,"Y","NEW YORK CITY AREA",1007035,"Y"
0,"U","NEW YORK CITY AREA",1075616,"Y"
1,"Y","NEW YORK CITY AREA",1073308,"Y"
22,"U","NEW YORK CITY AREA",1070413,"N"
0,"U","NEW YORK CITY AREA",1036967,"Y"
0,"U","NEW YORK CITY AREA",1055181,"Y"
1.333333333,"Y","NEW YORK CITY AREA",1035782,"N"
23.66666667,"U","NEW YORK CITY AREA",1077664,"Y"
0,"U","NEW YORK CITY AREA",1006046,"Y"
6.666666667,"U","NEW YORK CITY AREA",1077858,"Y"
0,"Y","NEW YORK CITY AREA",1031548,"N"
0,"U","NEW YORK CITY AREA",1011911,"Y"
0,"N","NEW YORK CITY AREA",1002744,"Y"
0,"U","NEW YORK CITY AREA",1032769,"Y"
0,"U","NEW YORK CITY AREA",1072041,"N"
0,"U","NEW YORK CITY AREA",1037448,"Y"
0,"U","NEW YORK CITY AREA",1088521,"N"
3.333333333,"Y","NEW YORK CITY AREA",1032266,"Y"
4.333333333,"Y","NEW YORK CITY AREA",1086074,"N"
1.666666667,"U","NEW YORK CITY AREA",1008522,"N"
0,"U","NEW YORK CITY AREA",1051133,"Y"
0,"N","NEW YORK CITY AREA",1083502,"Y"
0.333333333,"U","NEW YORK CITY AREA",1032204,"N"
0,"Y","NEW YORK CITY AREA",1006128,"N"
0,"U","NEW YORK CITY AREA",1090626,"Y"
6.666666667,"U","NEW YORK CITY AREA",1062168,"N"
0,"U","NEW YORK CITY AREA",1041599,"N"
12.66666667,"Y","NEW YORK CITY AREA",1085800,"N"
0.333333333,"U","NEW YORK CITY AREA",1059485,"N"
1.333333333,"Y","NEW YORK CITY AREA",1026725,"N"
4.666666667,"Y","NEW YORK CITY AREA",1055409,"Y"
0.666666667,"U","NEW YORK CITY AREA",1054354,"Y"
1.333333333,"U","NEW YORK CITY AREA",1084425,"N"
0.333333333,"U","NEW YORK CITY AREA",1052962,"Y"
0,"Y","NEW YORK CITY AREA",1061126,"N"
0,"U","NEW YORK CITY AREA",1019521,"N"
4.666666667,"N","NEW YORK CITY AREA",1023547,"Y"
3,"U","NEW YORK CITY AREA",1038507,"Y"
1,"N","NEW YORK CITY AREA",1032166,"Y"
0,"U","NEW YORK CITY AREA",1092023,"Y"
11.66666667,"U","NEW YORK CITY AREA",1096573,"N"
0,"N","NEW YORK CITY AREA",1000972,"Y"
0,"Y","NEW YORK CITY AREA",1063682,"Y"
0,"U","NEW YORK CITY AREA",1030705,"Y"
3,"U","NEW YORK CITY AREA",1041028,"Y"
17.66666667,"Y","NEW YORK CITY AREA",1037617,"N"
0,"N","NEW YORK CITY AREA",1001259,"Y"
12,"U","NEW YORK CITY AREA",1024502,"N"
0,"N","NEW YORK CITY AREA",1016584,"Y"
0,"Y","NEW YORK CITY AREA",1008011,"Y"
3.333333333,"U","NEW YORK CITY AREA",1056131,"Y"
0,"Y","NEW YORK CITY AREA",1030191,"Y"
0,"U","NEW YORK CITY AREA",1028635,"Y"
0.333333333,"N","NEW YORK CITY AREA",1008183,"Y"
1.666666667,"N","NEW YORK CITY AREA",1067099,"Y"
3.666666667,"N","NEW YORK CITY AREA",1030103,"N"
0.333333333,"U","NEW YORK CITY AREA",1091003,"Y"
3.333333333,"U","NEW YORK CITY AREA",1078107,"Y"
0,"Y","NEW YORK CITY AREA",1010885,"N"
35.33333333,"Y","NEW YORK CITY AREA",1081529,"N"
3,"N","NEW YORK CITY AREA",1043683,"Y"
1.666666667,"N","NEW YORK CITY AREA",1038454,"Y"
6.666666667,"Y","NEW YORK CITY AREA",1020703,"N"
2.333333333,"U","NEW YORK CITY AREA",1065786,""
0,"U","NEW YORK CITY AREA",1067742,"Y"
9.666666667,"N","NEW YORK CITY AREA",1074493,"Y"
3.333333333,"N","NEW YORK CITY AREA",1003915,"Y"
0,"N","NEW YORK CITY AREA",1025991,"N"
0.666666667,"Y","NEW YORK CITY AREA",1049715,"Y"
11.66666667,"U","NEW YORK CITY AREA",1092865,"Y"
0,"U","NEW YORK CITY AREA",1048310,"N"
5.333333333,"U","NEW YORK CITY AREA",1076303,"N"
1,"U","NEW YORK CITY AREA",1043922,"Y"
1.666666667,"N","NEW YORK CITY AREA",1035255,"Y"
0.666666667,"N","NEW YORK CITY AREA",1026825,"N"
0,"U","NEW YORK CITY AREA",1056863,"Y"
2,"U","NEW YORK CITY AREA",1083194,"N"
5,"N","NEW YORK CITY AREA",1081396,"N"
1.333333333,"Y","NEW YORK CITY AREA",1045116,"N"
3.666666667,"U","NEW YORK CITY AREA",1066727,"N"
0,"U","NEW YORK CITY AREA",1082684,"Y"
23.66666667,"U","NEW YORK CITY AREA",1029333,"N"
22.66666667,"U","NEW YORK CITY AREA",1070273,"Y"
1.666666667,"N","NEW YORK CITY AREA",1049408,"N"
0.666666667,"U","NEW YORK CITY AREA",1076454,"N"
0,"U","NEW YORK CITY AREA",1046815,"N"
0,"Y","NEW YORK CITY AREA",1070991,"Y"
7.333333333,"N","NEW YORK CITY AREA",1077978,"Y"
0,"U","NEW YORK CITY AREA",1085100,"Y"
0,"N","NEW YORK CITY AREA",1031777,"Y"
2,"U","NEW YORK CITY AREA",1040048,"Y"
1.333333333,"U","NEW YORK CITY AREA",1011163,"Y"
0,"U","NEW YORK CITY AREA",1020123,"Y"
34.33333333,"U","NEW YORK CITY AREA",1008922,"Y"
0,"U","NEW YORK CITY AREA",1092783,"N"
7.333333333,"U","NEW YORK CITY AREA",1038883,"N"
0,"U","NEW YORK CITY AREA",1086305,"Y"
8.333333333,"U","NEW YORK CITY AREA",1057362,"Y"
17.66666667,"U","NEW YORK CITY AREA",1093974,"Y"
12.66666667,"U","NEW YORK CITY AREA",1081512,"Y"
0,"U","NEW YORK CITY AREA",1045883,"N"
3.333333333,"N","NEW YORK CITY AREA",1036160,"Y"
0,"Y","NEW YORK CITY AREA",1005051,"Y"
0,"Y","NEW YORK CITY AREA",1061850,"Y"
0.333333333,"U","NEW YORK CITY AREA",1026162,"Y"
0,"U","NEW YORK CITY AREA",1012998,"Y"
14.33333333,"U","NEW YORK CITY AREA",1027298,"Y"
0,"U","NEW YORK CITY AREA",1005309,"Y"
8.333333333,"U","NEW YORK CITY AREA",1097502,"N"
0,"U","NEW YORK CITY AREA",1010153,"Y"
0.333333333,"N","NEW YORK CITY AREA",1049290,"Y"
12.66666667,"U","NEW YORK CITY AREA",1094308,"Y"
1.666666667,"U","NEW YORK CITY AREA",1037821,"Y"
0,"N","NEW YORK CITY AREA",1064119,"Y"
7.333333333,"N","NEW YORK CITY AREA",1085132,"N"
0,"U","NEW YORK CITY AREA",1009640,""
0.666666667,"U","NEW YORK CITY AREA",1019293,"N"
0,"U","NEW YORK CITY AREA",1050452,"Y"
0,"U","NEW YORK CITY AREA",1059044,"Y"
0,"U","NEW YORK CITY AREA",1040683,"Y"
2.666666667,"U","NEW YORK CITY AREA",1096367,"Y"
11.33333333,"Y","NEW YORK CITY AREA",1042138,"Y"
2,"U","NEW YORK CITY AREA",1043825,"Y"
0,"U","NEW YORK CITY AREA",1069469,"Y"
0,"N","NEW YORK CITY AREA",1028757,"N"
5,"U","NEW YORK CITY AREA",1056424,"Y"
0,"U","NEW YORK CITY AREA",1084927,"Y"
0,"U","NEW YORK CITY AREA",1048532,"Y"
13.66666667,"N","NEW YORK CITY AREA",1019713,"Y"
3,"N","NEW YORK CITY AREA",1049310,"Y"
0,"U","NEW YORK CITY AREA",1022811,"N"
0.333333333,"U","NEW YORK CITY AREA",1093414,"Y"
0,"U","NEW YORK CITY AREA",1080153,"N"
0,"N","NEW YORK CITY AREA",1006222,"Y"
0,"Y","NEW YORK CITY AREA",1068485,"N"
0,"U","NEW YORK CITY AREA",1085235,"Y"
6.333333333,"Y","NEW YORK CITY AREA",1006385,"Y"
0,"Y","NEW YORK CITY AREA",1006084,"N"
0,"Y","NEW YORK CITY AREA",1037964,"N"
0,"U","NEW YORK CITY AREA",1014347,"N"
0,"U","NEW YORK CITY AREA",1015870,"Y"
4.666666667,"Y","NEW YORK CITY AREA",1050569,"N"
0,"U","NEW YORK CITY AREA",1040280,"Y"
1,"U","NEW YORK CITY AREA",1076645,"Y"
7,"U","NEW YORK CITY AREA",1086096,"Y"
0,"U","NEW YORK CITY AREA",1084467,"N"
0,"U","NEW YORK CITY AREA",1069614,"N"
2,"U","NEW YORK CITY AREA",1083062,"Y"
1,"U","NEW YORK CITY AREA",1076384,"Y"
0.333333333,"Y","NEW YORK CITY AREA",1012657,"Y"
0.666666667,"U","NEW YORK CITY AREA",1012292,"Y"
2.333333333,"Y","NEW YORK CITY AREA",1034981,"N"
0,"U","NEW YORK CITY AREA",1059467,"Y"
3,"U","NEW YORK CITY AREA",1067886,"Y"
0,"U","NEW YORK CITY AREA",1095868,"Y"
4.333333333,"Y","NEW YORK CITY AREA",1073627,"Y"
2.333333333,"U","NEW YORK CITY AREA",1006235,"Y"
0,"U","NEW YORK CITY AREA",1053845,"Y"
0,"Y","NEW YORK CITY AREA",1011903,"Y"
0.333333333,"U","NEW YORK CITY AREA",1045990,"Y"
7.333333333,"U","NEW YORK CITY AREA",1073285,"Y"
0,"N","NEW YORK CITY AREA",1023616,"Y"
0,"N","NEW YORK CITY AREA",1021221,"N"
0,"Y","NEW YORK CITY AREA",1011825,"Y"
11.66666667,"N","NEW YORK CITY AREA",1097131,"N"
1.666666667,"N","NEW YORK CITY AREA",1051187,"N"
0,"N","NEW YORK CITY AREA",1000455,"N"
1.666666667,"U","NEW YORK CITY AREA",1011490,"Y"
1,"U","NEW YORK CITY AREA",1071964,"Y"
0,"U","NEW YORK CITY AREA",1003365,"N"
0.333333333,"Y","NEW YORK CITY AREA",1000760,"N"
1,"Y","NEW YORK CITY AREA",1068273,"Y"
0,"U","NEW YORK CITY AREA",1021189,"N"
1.666666667,"U","NEW YORK CITY AREA",1029332,"Y"
0,"U","NEW YORK CITY AREA",1017165,"N"
0,"Y","NEW YORK CITY AREA",1037129,"Y"
0,"U","NEW YORK CITY AREA",1010949,"Y"
0,"U","NEW YORK CITY AREA",1010740,"Y"
0.666666667,"N","NEW YORK CITY AREA",1048096,"Y"
8,"U","NEW YORK CITY AREA",1067522,"Y"
0,"U","NEW YORK CITY AREA",1056912,"N"
3.333333333,"U","NEW YORK CITY AREA",1044963,"N"
0,"U","NEW YORK CITY AREA",1051239,"Y"
0,"U","NEW YORK CITY AREA",1088724,"N"
9,"Y","NEW YORK CITY AREA",1072686,"Y"
0.666666667,"U","NEW YORK CITY AREA",1020615,"Y"
0,"U","NEW YORK CITY AREA",1013668,"Y"
0.666666667,"Y","NEW YORK CITY AREA",1055380,"Y"
0,"U","NEW YORK CITY AREA",1025767,"Y"
1,"N","NEW YORK CITY AREA",1031644,"Y"
13.33333333,"U","NEW YORK CITY AREA",1093160,"Y"
0.666666667,"U","NEW YORK CITY AREA",1033237,"N"
0,"U","NEW YORK CITY AREA",1030277,"N"
0,"N","NEW YORK CITY AREA",1018872,"Y"
4.333333333,"U","NEW YORK CITY AREA",1015832,"Y"
8.666666667,"U","NEW YORK CITY AREA",1092817,"N"
4,"Y","NEW YORK CITY AREA",1050292,"N"
1.666666667,"U","NEW YORK CITY AREA",1096373,"Y"
0,"U","NEW YORK CITY AREA",1032957,"Y"
0,"U","NEW YORK CITY AREA",1072749,"Y"
0.333333333,"U","NEW YORK CITY AREA",1048947,"Y"
0,"U","NEW YORK CITY AREA",1054347,"Y"
1,"N","NEW YORK CITY AREA",1056969,"Y"
1.333333333,"U","NEW YORK CITY AREA",1054763,"Y"
3.666666667,"U","NEW YORK CITY AREA",1044586,"Y"
3,"U","NEW YORK CITY AREA",1052625,"N"
8,"U","NEW YORK CITY AREA",1055418,"Y"
13.66666667,"U","NEW YORK CITY AREA",1087375,"Y"
0,"U","NEW YORK CITY AREA",1071306,"Y"
0,"U","NEW YORK CITY AREA",1038915,"Y"
3.333333333,"U","NEW YORK CITY AREA",1056460,"N"
1.666666667,"U","NEW YORK CITY AREA",1032750,"Y"
1.666666667,"U","NEW YORK CITY AREA",1091162,"Y"
8,"Y","NEW YORK CITY AREA",1076732,"Y"
0.333333333,"Y","NEW YORK CITY AREA",1022057,"Y"
1.333333333,"N","NEW YORK CITY AREA",1002282,"N"
4.666666667,"U","NEW YORK CITY AREA",1079846,"Y"
1,"Y","NEW YORK CITY AREA",1088013,"N"
1,"N","NEW YORK CITY AREA",1081897,"N"
0,"Y","NEW YORK CITY AREA",1026080,"Y"
2.666666667,"Y","NEW YORK CITY AREA",1018063,"Y"
0,"U","NEW YORK CITY AREA",1030391,"Y"
2,"Y","NEW YORK CITY AREA",1034849,"Y"
2,"U","NEW YORK CITY AREA",1024214,"Y"
0,"U","NEW YORK CITY AREA",1058477,"Y"
0,"U","NEW YORK CITY AREA",1046655,"N"
0,"U","NEW YORK CITY AREA",1076105,"Y"
0.333333333,"U","NEW YORK CITY AREA",1026334,"N"
1,"Y","NEW YORK CITY AREA",1022666,"Y"
3,"U","NEW YORK CITY AREA",1039906,"N"
0,"Y","NEW YORK CITY AREA",1014436,"Y"
0,"N","NEW YORK CITY AREA",1084163,"Y"
3.333333333,"Y","NEW YORK CITY AREA",1007378,"Y"
1.333333333,"Y","NEW YORK CITY AREA",1018341,"Y"
0,"U","NEW YORK CITY AREA",1023510,"Y"
12.66666667,"U","NEW YORK CITY AREA",1009783,"Y"
0,"U","NEW YORK CITY AREA",1080717,"N"
0,"Y","NEW YORK CITY AREA",1046337,"Y"
0,"Y","NEW YORK CITY AREA",1027085,"Y"
0,"Y","NEW YORK CITY AREA",1055995,"N"
0,"N","NEW YORK CITY AREA",1005337,"N"
0,"U","NEW YORK CITY AREA",1019646,"Y"
1,"U","NEW YORK CITY AREA",1085446,"Y"
1,"U","NEW YORK CITY AREA",1042332,"Y"
2,"Y","NEW YORK CITY AREA",1040371,"Y"
39.66666667,"Y","NEW YORK CITY AREA",1089195,"Y"
3,"U","NEW YORK CITY AREA",1043753,"Y"
15.33333333,"Y","NEW YORK CITY AREA",1089063,"Y"
0,"U","NEW YORK CITY AREA",1048366,"Y"
0,"N","NEW YORK CITY AREA",1001105,"Y"
0,"U","NEW YORK CITY AREA",1081826,"N"
1,"Y","NEW YORK CITY AREA",1049952,"N"
11,"Y","NEW YORK CITY AREA",1031859,"N"
3.666666667,"U","NEW YORK CITY AREA",1041096,"Y"
0,"Y","NEW YORK CITY AREA",1015217,"Y"
9.666666667,"U","NEW YORK CITY AREA",1020466,"Y"
8,"U","NEW YORK CITY AREA",1060564,"Y"
0,"Y","NEW YORK CITY AREA",1077875,"Y"
0,"Y","NEW YORK CITY AREA",1051287,"Y"
1,"U","NEW YORK CITY AREA",1094851,"N"
0,"N","NEW YORK CITY AREA",1041152,"Y"
0,"N","NEW YORK CITY AREA",1007067,"N"
7,"U","NEW YORK CITY AREA",1052782,"Y"
11.66666667,"N","NEW YORK CITY AREA",1010483,"Y"
1.666666667,"U","NEW YORK CITY AREA",1068680,"N"
0,"Y","NEW YORK CITY AREA",1031935,"N"
0.333333333,"U","NEW YORK CITY AREA",1018547,"Y"
0,"N","NEW YORK CITY AREA",1011467,"Y"
0,"U","NEW YORK CITY AREA",1096423,"N"
0.333333333,"N","NEW YORK CITY AREA",1029711,"Y"
3,"U","NEW YORK CITY AREA",1016428,"N"
1.666666667,"N","NEW YORK CITY AREA",1009613,"Y"
0,"Y","NEW YORK CITY AREA",1090909,"Y"
2,"Y","NEW YORK CITY AREA",1041023,"Y"
0,"U","NEW YORK CITY AREA",1043726,"Y"
0,"U","NEW YORK CITY AREA",1047616,"Y"
5.333333333,"U","NEW YORK CITY AREA",1055092,"Y"
0,"Y","NEW YORK CITY AREA",1010504,"Y"
6,"N","NEW YORK CITY AREA",1084156,"Y"
11.33333333,"N","NEW YORK CITY AREA",1010723,"N"
2,"Y","NEW YORK CITY AREA",1054804,"Y"
0.666666667,"U","NEW YORK CITY AREA",1025104,"N"
0,"U","NEW YORK CITY AREA",1050874,"N"
0.333333333,"N","NEW YORK CITY AREA",1001123,"Y"
0,"U","NEW YORK CITY AREA",1052690,"Y"
0,"Y","NEW YORK CITY AREA",1035938,"Y"
4.666666667,"Y","NEW YORK CITY AREA",1003409,"Y"
0,"U","NEW YORK CITY AREA",1092834,"Y"
0,"U","NEW YORK CITY AREA",1035249,"Y"
0,"U","NEW YORK CITY AREA",1056758,"N"
2.666666667,"U","NEW YORK CITY AREA",1059491,"Y"
0.666666667,"U","NEW YORK CITY AREA",1032835,"Y"
0,"N","NEW YORK CITY AREA",1065237,"N"
1.333333333,"N","NEW YORK CITY AREA",1004173,"N"
1.666666667,"N","NEW YORK CITY AREA",1035234,"N"
0.333333333,"U","NEW YORK CITY AREA",1040739,"Y"
0.333333333,"N","NEW YORK CITY AREA",1049517,"Y"
3.333333333,"U","NEW YORK CITY AREA",1061346,"Y"
0.333333333,"U","NEW YORK CITY AREA",1006887,"N"
4,"U","NEW YORK CITY AREA",1016260,"Y"
0,"N","NEW YORK CITY AREA",1044439,"N"
0,"U","NEW YORK CITY AREA",1024574,"Y"
0,"U","NEW YORK CITY AREA",1056626,"Y"
4.333333333,"Y","NEW YORK CITY AREA",1048103,"Y"
0,"U","NEW YORK CITY AREA",1014439,"Y"
7.333333333,"U","NEW YORK CITY AREA",1069585,"N"
21,"U","NEW YORK CITY AREA",1009282,"Y"
0,"U","NEW YORK CITY AREA",1025999,"N"
0,"U","NEW YORK CITY AREA",1090229,"N"
0,"Y","NEW YORK CITY AREA",1066927,"N"
0.666666667,"U","NEW YORK CITY AREA",1014954,"Y"
1.333333333,"Y","NEW YORK CITY AREA",1022900,"Y"
0,"N","NEW YORK CITY AREA",1003794,"Y"
0,"Y","NEW YORK CITY AREA",1069628,"Y"
0.333333333,"N","NEW YORK CITY AREA",1005874,"Y"
6.333333333,"Y","NEW YORK CITY AREA",1010497,"Y"
4,"U","NEW YORK CITY AREA",1063781,"N"
0,"U","NEW YORK CITY AREA",1037841,"Y"
1.333333333,"Y","NEW YORK CITY AREA",1008435,"Y"
0,"U","NEW YORK CITY AREA",1016933,"Y"
0,"U","NEW YORK CITY AREA",1077866,"N"
0,"Y","NEW YORK CITY AREA",1013189,"Y"
0,"N","NEW YORK CITY AREA",1006038,"Y"
0,"U","NEW YORK CITY AREA",1052929,"Y"
1,"N","NEW YORK CITY AREA",1005231,"Y"
6.666666667,"Y","NEW YORK CITY AREA",1039165,"Y"
0,"Y","NEW YORK CITY AREA",1029141,"Y"
3.333333333,"U","NEW YORK CITY AREA",1062340,"Y"
0,"N","NEW YORK CITY AREA",1086618,"N"
0,"Y","NEW YORK CITY AREA",1007830,"N"
0,"U","NEW YORK CITY AREA",1070426,"Y"
0,"U","NEW YORK CITY AREA",1084090,"N"
15.66666667,"U","NEW YORK CITY AREA",1024157,"Y"
0.666666667,"U","NEW YORK CITY AREA",1048626,"N"
0,"Y","NEW YORK CITY AREA",1074259,"Y"
0.333333333,"Y","NEW YORK CITY AREA",1016139,"Y"
5,"N","NEW YORK CITY AREA",1038978,"N"
16.33333333,"U","NEW YORK CITY AREA",1050026,"N"
1,"U","NEW YORK CITY AREA",1044550,"Y"
9.666666667,"U","NEW YORK CITY AREA",1024202,"Y"
0,"U","NEW YORK CITY AREA",1084941,"Y"
0.666666667,"Y","NEW YORK CITY AREA",1017902,"N"
22.66666667,"U","NEW YORK CITY AREA",1090618,"N"
2,"N","NEW YORK CITY AREA",1022573,"Y"
0,"U","NEW YORK CITY AREA",1011144,"Y"
0.333333333,"U","NEW YORK CITY AREA",1057510,"N"
0,"U","NEW YORK CITY AREA",1048872,"Y"
0,"Y","NEW YORK CITY AREA",1092972,"Y"
1,"N","NEW YORK CITY AREA",1032801,"N"
1.333333333,"U","NEW YORK CITY AREA",1093550,"Y"
0,"U","NEW YORK CITY AREA",1054171,"N"
0,"N","NEW YORK CITY AREA",1005023,"Y"
0,"Y","NEW YORK CITY AREA",1005323,"Y"
3.333333333,"U","NEW YORK CITY AREA",1066631,"N"
0,"U","NEW YORK CITY AREA",1064113,"N"
0.666666667,"U","NEW YORK CITY AREA",1069331,"Y"
0,"U","NEW YORK CITY AREA",1047220,"Y"
0,"Y","NEW YORK CITY AREA",1023047,"N"
4.666666667,"Y","NEW YORK CITY AREA",1050316,"Y"
0.333333333,"U","NEW YORK CITY AREA",1050431,"Y"
4.666666667,"Y","NEW YORK CITY AREA",1054963,"N"
1.333333333,"U","NEW YORK CITY AREA",1078064,"N"
0,"N","NEW YORK CITY AREA",1014472,"Y"
2.666666667,"U","NEW YORK CITY AREA",1088820,"N"
0.666666667,"U","NEW YORK CITY AREA",1078581,"Y"
0,"U","NEW YORK CITY AREA",1091986,"Y"
0,"N","NEW YORK CITY AREA",1061160,"N"
6,"U","NEW YORK CITY AREA",1016016,"Y"
0,"Y","NEW YORK CITY AREA",1043472,"Y"
0,"Y","NEW YORK CITY AREA",1066701,"N"
0,"U","NEW YORK CITY AREA",1066508,"Y"
2.666666667,"N","NEW YORK CITY AREA",1020352,"N"
0,"Y","NEW YORK CITY AREA",1015203,"N"
0.333333333,"U","NEW YORK CITY AREA",1015481,"Y"
0,"U","NEW YORK CITY AREA",1014598,"Y"
0,"N","NEW YORK CITY AREA",1019688,"N"
0.333333333,"U","NEW YORK CITY AREA",1046270,"N"
57,"Y","NEW YORK CITY AREA",1045943,"N"
0.333333333,"U","NEW YORK CITY AREA",1034964,"Y"
0,"U","NEW YORK CITY AREA",1056012,"N"
0,"U","NEW YORK CITY AREA",1058523,"Y"
29.33333333,"U","NEW YORK CITY AREA",1077149,"N"
0,"U","NEW YORK CITY AREA",1006766,"N"
0,"Y","NEW YORK CITY AREA",1008530,"Y"
4.333333333,"U","NEW YORK CITY AREA",1072422,"N"
10,"Y","NEW YORK CITY AREA",1090193,"Y"
0,"N","NEW YORK CITY AREA",1095758,"N"
0,"U","NEW YORK CITY AREA",1015759,"Y"
0,"U","NEW YORK CITY AREA",1038212,"Y"
0.333333333,"Y","NEW YORK CITY AREA",1025668,"Y"
0,"Y","NEW YORK CITY AREA",1071187,"N"
0.333333333,"U","NEW YORK CITY AREA",1039039,"Y"
0,"N","NEW YORK CITY AREA",1002283,"Y"
0.666666667,"U","NEW YORK CITY AREA",1096704,"Y"
25.66666667,"U","NEW YORK CITY AREA",1066566,"Y"
0,"Y","NEW YORK CITY AREA",1010937,"Y"
0,"U","NEW YORK CITY AREA",1059460,"N"
0,"U","NEW YORK CITY AREA",1081537,"N"
15.66666667,"U","NEW YORK CITY AREA",1076248,"N"
0,"U","NEW YORK CITY AREA",1026904,"Y"
0,"N","NEW YORK CITY AREA",1014801,"Y"
0,"U","NEW YORK CITY AREA",1085970,"Y"
6,"Y","NEW YORK CITY AREA",1091586,"N"
10,"U","NEW YORK CITY AREA",1047432,"Y"
1,"U","NEW YORK CITY AREA",1057701,"N"
0,"Y","NEW YORK CITY AREA",1019107,"Y"
0,"U","NEW YORK CITY AREA",1014256,"Y"
11.33333333,"U","NEW YORK CITY AREA",1015408,"Y"
0,"U","NEW YORK CITY AREA",1033925,"Y"
14.33333333,"U","NEW YORK CITY AREA",1047316,"N"
0,"U","NEW YORK CITY AREA",1044558,"Y"
2,"U","NEW YORK CITY AREA",1061376,"N"
0,"Y","NEW YORK CITY AREA",1064444,"N"
4,"Y","NEW YORK CITY AREA",1042247,"Y"
14.66666667,"U","NEW YORK CITY AREA",1078783,"Y"
0,"U","NEW YORK CITY AREA",1047642,"N"
0,"Y","NEW YORK CITY AREA",1039887,"Y"
1,"Y","NEW YORK CITY AREA",1018239,"Y"
0,"U","NEW YORK CITY AREA",1073846,"N"
3.666666667,"Y","NEW YORK CITY AREA",1054040,"Y"
0,"U","NEW YORK CITY AREA",1043629,"N"
0.333333333,"U","NEW YORK CITY AREA",1007573,"Y"
0,"U","NEW YORK CITY AREA",1058845,"N"
0,"Y","NEW YORK CITY AREA",1063157,"N"
7.333333333,"U","NEW YORK CITY AREA",1046385,"Y"
2.666666667,"U","NEW YORK CITY AREA",1059811,"N"
3,"U","NEW YORK CITY AREA",1053341,"Y"
0,"Y","NEW YORK CITY AREA",1068781,"N"
2.333333333,"U","NEW YORK CITY AREA",1087507,"Y"
8.333333333,"Y","NEW YORK CITY AREA",1035822,"Y"
0,"Y","NEW YORK CITY AREA",1050542,"Y"
0,"U","NEW YORK CITY AREA",1034692,"Y"
11.66666667,"U","NEW YORK CITY AREA",1092780,"Y"
9,"U","NEW YORK CITY AREA",1079146,"Y"
1.5,"U","NEW YORK CITY AREA",1066266,""
8.666666667,"U","NEW YORK CITY AREA",1074721,"Y"
0,"Y","NEW YORK CITY AREA",1087052,"N"
5.333333333,"U","NEW YORK CITY AREA",1008168,"N"
17.33333333,"U","NEW YORK CITY AREA",1012349,"Y"
0,"U","NEW YORK CITY AREA",1005437,"N"
0,"U","NEW YORK CITY AREA",1017973,"Y"
0,"Y","NEW YORK CITY AREA",1095733,"N"
0,"U","NEW YORK CITY AREA",1018833,"N"
1,"N","NEW YORK CITY AREA",1005239,"Y"
0.333333333,"U","NEW YORK CITY AREA",1062393,"Y"
0,"U","NEW YORK CITY AREA",1078102,"Y"
0,"U","NEW YORK CITY AREA",1055153,"N"
1.333333333,"N","NEW YORK CITY AREA",1053183,"Y"
0,"U","NEW YORK CITY AREA",1015707,"Y"
4.666666667,"N","NEW YORK CITY AREA",1069536,"Y"
0,"U","NEW YORK CITY AREA",1094086,"Y"
0,"U","NEW YORK CITY AREA",1070329,"Y"
0,"N","NEW YORK CITY AREA",1093133,"N"
0,"Y","NEW YORK CITY AREA",1044036,"N"
0,"Y","NEW YORK CITY AREA",1008347,"Y"
2,"Y","NEW YORK CITY AREA",1069376,"Y"
13.66666667,"N","NEW YORK CITY AREA",1010038,"Y"
7,"U","NEW YORK CITY AREA",1095573,"N"
0,"N","NEW YORK CITY AREA",1073177,"Y"
0,"U","NEW YORK CITY AREA",1015913,"Y"
0,"U","NEW YORK CITY AREA",1055279,"Y"
0,"U","NEW YORK CITY AREA",1020283,"Y"
0,"Y","NEW YORK CITY AREA",1091626,"N"
1,"U","NEW YORK CITY AREA",1059187,"N"
2.333333333,"U","NEW YORK CITY AREA",1024747,""
0,"U","NEW YORK CITY AREA",1065142,"Y"
0.666666667,"N","NEW YORK CITY AREA",1031375,"N"
0,"U","NEW YORK CITY AREA",1072988,"N"
1.666666667,"N","NEW YORK CITY AREA",1006028,"N"
0,"U","NEW YORK CITY AREA",1055052,"Y"
4,"U","NEW YORK CITY AREA",1056592,"Y"
0,"U","NEW YORK CITY AREA",1096359,"Y"
0,"U","NEW YORK CITY AREA",1016232,"Y"
0.666666667,"U","NEW YORK CITY AREA",1037786,"Y"
0,"Y","NEW YORK CITY AREA",1007521,"Y"
0,"U","NEW YORK CITY AREA",1096379,"Y"
4.333333333,"U","NEW YORK CITY AREA",1091312,"Y"
3.333333333,"U","NEW YORK CITY AREA",1083854,""
1.333333333,"Y","NEW YORK CITY AREA",1019076,"N"
0,"U","NEW YORK CITY AREA",1020304,"N"
0,"N","NEW YORK CITY AREA",1003338,"Y"
0,"U","NEW YORK CITY AREA",1037996,"Y"
0,"Y","NEW YORK CITY AREA",1009776,"Y"
0.333333333,"Y","NEW YORK CITY AREA",1052340,"Y"
0,"N","NEW YORK CITY AREA",1013931,"Y"
2.666666667,"U","NEW YORK CITY AREA",1087306,"Y"
0,"Y","NEW YORK CITY AREA",1028727,""
3.333333333,"U","NEW YORK CITY AREA",1009067,"Y"
0.666666667,"N","NEW YORK CITY AREA",1001372,"Y"
0.333333333,"N","NEW YORK CITY AREA",1035355,"Y"
0.333333333,"U","NEW YORK CITY AREA",1073623,"Y"
0,"U","NEW YORK CITY AREA",1004685,"Y"
0,"U","NEW YORK CITY AREA",1006604,"Y"
0,"U","NEW YORK CITY AREA",1090487,"Y"
0,"N","NEW YORK CITY AREA",1028786,"N"
1,"U","NEW YORK CITY AREA",1063042,"N"
12.66666667,"Y","NEW YORK CITY AREA",1019870,"N"
2,"N","NEW YORK CITY AREA",1049639,"Y"
0,"U","NEW YORK CITY AREA",1030182,"N"
0,"Y","NEW YORK CITY AREA",1065688,"Y"
0,"U","NEW YORK CITY AREA",1048682,"Y"
0,"U","NEW YORK CITY AREA",1044926,"Y"
0,"U","NEW YORK CITY AREA",1061389,"N"
0,"U","NEW YORK CITY AREA",1050009,"Y"
0.333333333,"U","NEW YORK CITY AREA",1010583,"Y"
0,"U","NEW YORK CITY AREA",1005071,"Y"
5.333333333,"U","NEW YORK CITY AREA",1083954,"N"
0,"U","NEW YORK CITY AREA",1079390,"Y"
1,"U","NEW YORK CITY AREA",1068221,"Y"
0,"U","NEW YORK CITY AREA",1027540,"Y"
23,"Y","NEW YORK CITY AREA",1026420,"Y"
0,"U","NEW YORK CITY AREA",1060601,"Y"
2.666666667,"U","NEW YORK CITY AREA",1072496,"N"
3.666666667,"Y","NEW YORK CITY AREA",1077222,"Y"
1,"U","NEW YORK CITY AREA",1092992,"Y"
0,"Y","NEW YORK CITY AREA",1010453,"Y"
0,"U","NEW YORK CITY AREA",1068876,"N"
0,"U","NEW YORK CITY AREA",1029490,"N"
0,"Y","NEW YORK CITY AREA",1095650,"Y"
0,"N","NEW YORK CITY AREA",1079506,"N"
0,"U","NEW YORK CITY AREA",1069453,"Y"
0,"U","NEW YORK CITY AREA",1043903,"Y"
0.333333333,"U","NEW YORK CITY AREA",1076851,"Y"
0,"U","NEW YORK CITY AREA",1043974,"Y"
0,"U","NEW YORK CITY AREA",1074058,"N"
0,"U","NEW YORK CITY AREA",1034286,"N"
0,"Y","NEW YORK CITY AREA",1012462,"Y"
14.66666667,"Y","NEW YORK CITY AREA",1050404,"N"
2,"U","NEW YORK CITY AREA",1022212,"Y"
0,"N","NEW YORK CITY AREA",1020246,"N"
0,"N","NEW YORK CITY AREA",1003037,"Y"
0.333333333,"U","NEW YORK CITY AREA",1047359,"Y"
0,"U","NEW YORK CITY AREA",1067584,"Y"
3,"U","NEW YORK CITY AREA",1089660,"Y"
0,"U","NEW YORK CITY AREA",1058476,"N"
0,"N","NEW YORK CITY AREA",1038120,"Y"
8.333333333,"U","NEW YORK CITY AREA",1095685,"N"
0,"U","NEW YORK CITY AREA",1014100,"Y"
9,"U","NEW YORK CITY AREA",1065820,"N"
4,"N","NEW YORK CITY AREA",1002059,"Y"
0,"U","NEW YORK CITY AREA",1071794,"N"
7,"U","NEW YORK CITY AREA",1040343,"Y"
9.666666667,"U","NEW YORK CITY AREA",1078550,"Y"
6.333333333,"N","NEW YORK CITY AREA",1052204,"Y"
0.333333333,"N","NEW YORK CITY AREA",1090851,"Y"
2,"Y","NEW YORK CITY AREA",1008321,"Y"
0,"N","NEW YORK CITY AREA",1069511,"Y"
0,"N","NEW YORK CITY AREA",1003576,"Y"
15.33333333,"U","NEW YORK CITY AREA",1072680,"Y"
0,"U","NEW YORK CITY AREA",1089264,"Y"
44,"Y","NEW YORK CITY AREA",1085342,"Y"
0,"U","NEW YORK CITY AREA",1040970,"Y"
0,"U","NEW YORK CITY AREA",1081001,"Y"
0,"U","NEW YORK CITY AREA",1052616,"Y"
12,"U","NEW YORK CITY AREA",1052919,"Y"
0,"Y","NEW YORK CITY AREA",1048255,"Y"
0,"Y","NEW YORK CITY AREA",1072744,"N"
16,"U","NEW YORK CITY AREA",1041602,"Y"
6.333333333,"U","NEW YORK CITY AREA",1055217,"N"
7.333333333,"Y","NEW YORK CITY AREA",1069639,"Y"
0,"Y","NEW YORK CITY AREA",1005230,"Y"
18.33333333,"Y","NEW YORK CITY AREA",1030057,"Y"
9.666666667,"Y","NEW YORK CITY AREA",1050978,"N"
1.666666667,"Y","NEW YORK CITY AREA",1007989,"N"
10.66666667,"N","NEW YORK CITY AREA",1095862,"Y"
0,"U","NEW YORK CITY AREA",1008341,"Y"
2,"U","NEW YORK CITY AREA",1052942,"N"
0,"N","NEW YORK CITY AREA",1041401,"Y"
21.66666667,"N","NEW YORK CITY AREA",1024609,"Y"
1.666666667,"U","NEW YORK CITY AREA",1018180,"N"
0,"Y","NEW YORK CITY AREA",1055968,"N"
0.666666667,"U","NEW YORK CITY AREA",1036798,"Y"
1.333333333,"Y","NEW YORK CITY AREA",1022806,"Y"
0,"Y","NEW YORK CITY AREA",1093288,"Y"
0,"Y","NEW YORK CITY AREA",1010240,"Y"
1.333333333,"U","NEW YORK CITY AREA",1083740,"Y"
28.33333333,"U","NEW YORK CITY AREA",1037558,"Y"
16.66666667,"U","NEW YORK CITY AREA",1062848,"N"
0.666666667,"N","NEW YORK CITY AREA",1001245,"Y"
5.666666667,"U","NEW YORK CITY AREA",1023649,"Y"
0,"U","NEW YORK CITY AREA",1074495,"N"
0.333333333,"U","NEW YORK CITY AREA",1049742,"N"
0,"U","NEW YORK CITY AREA",1040084,"Y"
4.333333333,"Y","NEW YORK CITY AREA",1025435,"Y"
0,"N","NEW YORK CITY AREA",1014384,"Y"
0,"Y","NEW YORK CITY AREA",1008191,"Y"
5.333333333,"U","NEW YORK CITY AREA",1031253,"Y"
9,"Y","NEW YORK CITY AREA",1053126,"N"
0,"U","NEW YORK CITY AREA",1060500,"Y"
5.666666667,"U","NEW YORK CITY AREA",1005316,"Y"
0,"Y","NEW YORK CITY AREA",1009459,"Y"
0.333333333,"U","NEW YORK CITY AREA",1001057,"N"
0,"U","NEW YORK CITY AREA",1062966,"Y"
0.666666667,"U","NEW YORK CITY AREA",1019983,"Y"
0,"N","NEW YORK CITY AREA",1027103,"Y"
0.666666667,"U","NEW YORK CITY AREA",1069417,"Y"
9.666666667,"U","NEW YORK CITY AREA",1049752,"Y"
7,"N","NEW YORK CITY AREA",1050966,"Y"
2.333333333,"N","NEW YORK CITY AREA",1037237,"Y"
0.666666667,"Y","NEW YORK CITY AREA",1082901,"Y"
0,"Y","NEW YORK CITY AREA",1016217,"Y"
0,"U","NEW YORK CITY AREA",1012936,"Y"
9.666666667,"U","NEW YORK CITY AREA",1032589,"Y"
1,"U","NEW YORK CITY AREA",1043339,"Y"
3.333333333,"U","NEW YORK CITY AREA",1026893,"N"
13.33333333,"U","NEW YORK CITY AREA",1083454,"Y"
0.333333333,"U","NEW YORK CITY AREA",1026805,"Y"
0.333333333,"U","NEW YORK CITY AREA",1068627,"N"
1,"Y","NEW YORK CITY AREA",1052176,"Y"
0,"U","NEW YORK CITY AREA",1090928,""
0,"U","NEW YORK CITY AREA",1081056,"Y"
0,"U","NEW YORK CITY AREA",1056650,"Y"
0,"U","NEW YORK CITY AREA",1094674,"Y"
4.666666667,"U","NEW YORK CITY AREA",1060491,"N"
6,"U","NEW YORK CITY AREA",1067574,"Y"
0,"U","NEW YORK CITY AREA",1034354,"N"
3.333333333,"N","NEW YORK CITY AREA",1016258,"N"
0,"U","NEW YORK CITY AREA",1063560,"N"
12.33333333,"Y","NEW YORK CITY AREA",1021970,"Y"
0,"U","NEW YORK CITY AREA",1021316,"N"
0,"U","NEW YORK CITY AREA",1079451,"N"
1,"N","NEW YORK CITY AREA",1030136,"N"
0,"U","NEW YORK CITY AREA",1060451,"Y"
0,"U","NEW YORK CITY AREA",1052240,"Y"
0,"Y","NEW YORK CITY AREA",1046653,"Y"
1,"U","NEW YORK CITY AREA",1080320,"Y"
0,"U","NEW YORK CITY AREA",1047368,"Y"
0.333333333,"Y","NEW YORK CITY AREA",1050331,"Y"
0,"U","NEW YORK CITY AREA",1041638,"Y"
12.33333333,"N","NEW YORK CITY AREA",1056638,"N"
0,"Y","NEW YORK CITY AREA",1049142,"Y"
1,"U","NEW YORK CITY AREA",1023152,"Y"
0,"U","NEW YORK CITY AREA",1065317,"N"
3,"Y","NEW YORK CITY AREA",1025528,"N"
0,"U","NEW YORK CITY AREA",1015962,"Y"
0,"U","NEW YORK CITY AREA",1045246,"N"
0,"N","NEW YORK CITY AREA",1073306,"Y"
0.333333333,"U","NEW YORK CITY AREA",1035723,"Y"
8,"U","NEW YORK CITY AREA",1091165,"N"
0,"U","NEW YORK CITY AREA",1094633,"Y"
5.333333333,"U","NEW YORK CITY AREA",1088111,"N"
1.333333333,"U","NEW YORK CITY AREA",1096576,"Y"
0,"U","NEW YORK CITY AREA",1056847,"Y"
0,"N","NEW YORK CITY AREA",1006275,"N"
0,"N","NEW YORK CITY AREA",1002011,"Y"
18.66666667,"N","NEW YORK CITY AREA",1012774,"Y"
1.666666667,"U","NEW YORK CITY AREA",1088662,"Y"
12,"U","NEW YORK CITY AREA",1079812,"Y"
0,"Y","NEW YORK CITY AREA",1085464,"Y"
5.666666667,"N","NEW YORK CITY AREA",1035615,"N"
0,"Y","NEW YORK CITY AREA",1053508,"Y"
0.666666667,"U","NEW YORK CITY AREA",1094834,"N"
0,"U","NEW YORK CITY AREA",1036705,"Y"
0,"U","NEW YORK CITY AREA",1039484,"Y"
0,"U","NEW YORK CITY AREA",1073927,"N"
1,"U","NEW YORK CITY AREA",1048228,"N"
0,"U","NEW YORK CITY AREA",1039009,"Y"
0,"U","NEW YORK CITY AREA",1014302,"Y"
0,"U","NEW YORK CITY AREA",1080377,"Y"
0,"Y","NEW YORK CITY AREA",1020528,"Y"
7,"U","NEW YORK CITY AREA",1080385,"Y"
0,"Y","NEW YORK CITY AREA",1041112,"N"
0,"Y","NEW YORK CITY AREA",1036275,"Y"
2.666666667,"Y","NEW YORK CITY AREA",1062810,"Y"
0.333333333,"U","NEW YORK CITY AREA",1080435,"Y"
0,"Y","NEW YORK CITY AREA",1045365,"Y"
5.666666667,"Y","NEW YORK CITY AREA",1062433,"N"
0.333333333,"U","NEW YORK CITY AREA",1081837,"Y"
0,"N","NEW YORK CITY AREA",1051654,"N"
0,"Y","NEW YORK CITY AREA",1094004,"Y"
0,"U","NEW YORK CITY AREA",1090677,"Y"
5.666666667,"U","NEW YORK CITY AREA",1058684,"Y"
0,"U","NEW YORK CITY AREA",1082578,"N"
1,"U","NEW YORK CITY AREA",1037391,"Y"
0,"U","NEW YORK CITY AREA",1031037,"Y"
0,"U","NEW YORK CITY AREA",1026361,"Y"
14.66666667,"U","NEW YORK CITY AREA",1045146,"N"
0,"Y","NEW YORK CITY AREA",1004987,"Y"
0,"U","NEW YORK CITY AREA",1026651,"Y"
1.333333333,"U","NEW YORK CITY AREA",1026524,"Y"
0,"U","NEW YORK CITY AREA",1055100,"N"
0,"U","NEW YORK CITY AREA",1044105,"Y"
12.33333333,"U","NEW YORK CITY AREA",1075207,"N"
0.666666667,"U","NEW YORK CITY AREA",1053777,"N"
2,"U","NEW YORK CITY AREA",1072308,"Y"
0,"U","NEW YORK CITY AREA",1048968,"Y"
0.333333333,"U","NEW YORK CITY AREA",1048064,"Y"
0.666666667,"N","NEW YORK CITY AREA",1058925,"N"
10,"U","NEW YORK CITY AREA",1026050,"N"
0,"U","NEW YORK CITY AREA",1054078,"Y"
0.666666667,"Y","NEW YORK CITY AREA",1001015,"N"
0,"Y","NEW YORK CITY AREA",1071905,"Y"
0,"Y","NEW YORK CITY AREA",1067391,"Y"
0,"N","NEW YORK CITY AREA",1012159,"Y"
19,"Y","NEW YORK CITY AREA",1045628,"N"
0.333333333,"N","NEW YORK CITY AREA",1023371,"Y"
0,"Y","NEW YORK CITY AREA",1043641,"Y"
0,"Y","NEW YORK CITY AREA",1005052,"N"
0,"U","NEW YORK CITY AREA",1060339,"Y"
0,"U","NEW YORK CITY AREA",1033261,"Y"
1,"U","NEW YORK CITY AREA",1012689,"Y"
